id,Company,Product,TypeName,Inches,ScreenResolution,Cpu,Ram,Memory,Gpu,OpSys,Weight,Price_euros
268,Dell,Inspiron 5567,Notebook,15.6,1366x768,2.7,8,1TB HDD,AMD,Windows 10,2.36,749.0
347,Asus,X541NA (N4200/4GB/1TB/W10),Notebook,15.6,1366x768,1.1,4,1TB HDD,Intel,Windows 10,2.0,449.0
353,Toshiba,Portege Z30-C-1CW,Notebook,13.3,1920x1080,2.3,8,256GB SSD,Intel,Windows 7,1.2,1460.0
578,Dell,Alienware 17,Gaming,15.6,3840x2160,2.8,16,256GB SSD +  1TB HDD,Nvidia,Windows 10,4.42,2868.99
42,Dell,Latitude E7270,Ultrabook,12.5,1920x1080,2.4,8,256GB SSD,Intel,Windows 7,1.26,1713.37
867,Asus,ZenBook Flip,2 in 1 Convertible,15.6,1920x1080,2.7,12,512GB SSD +  2TB HDD,Nvidia,Windows 10,2.26,1099.0
1136,Asus,X541UA-DM1897 (i3-6006U/4GB/256GB/FHD/Linux),Notebook,15.6,1920x1080,2.0,4,256GB SSD,Intel,Linux,2.0,415.0
609,MSI,GP62M 7RDX,Gaming,15.6,1920x1080,2.8,8,128GB SSD +  1TB HDD,Nvidia,Windows 10,2.4,1142.8
474,Asus,UX430UQ-GV209R (i7-7500U/8GB/256GB/GeForce,Ultrabook,14.0,1920x1080,2.7,8,256GB SSD,Nvidia,Windows 10,1.3,1193.0
838,Asus,Rog GL553VE-FY052T,Gaming,15.6,1920x1080,2.8,16,256GB SSD +  1TB HDD,Nvidia,Windows 10,2.5,1600.0
851,Asus,X540SA-RBPDN09 (N3710/4GB/1TB/W10),Notebook,15.6,1366x768,1.6,4,1TB HDD,Intel,Windows 10,2.65,309.0
904,Dell,Inspiron 5570,Notebook,15.6,1920x1080,1.8,8,128GB SSD +  1TB HDD,Intel,Windows 10,2.02,855.0
355,Toshiba,Tecra A50-C-1ZV,Notebook,15.6,1366x768,2.3,8,256GB SSD,Intel,Windows 10,2.2,1119.0
44,HP,15-cd005nv (A9-9420/6GB/256GB/Radeon,Notebook,15.6,1920x1080,3.0,6,256GB SSD,AMD,Windows 10,1.95,649.0
36,Toshiba,Satellite Pro,Notebook,14.0,1366x768,2.1,4,128GB SSD,Intel,Windows 10,1.75,499.0
971,Dell,Latitude 5590,Ultrabook,15.6,1920x1080,1.6,8,256GB SSD,Intel,Windows 10,1.88,1096.16
938,Lenovo,Yoga 520-14IKB,2 in 1 Convertible,14.0,1920x1080,2.4,4,256GB SSD,Intel,Windows 10,1.74,629.0
718,Acer,Aspire E5-575,Notebook,15.6,1366x768,2.5,6,1TB HDD,Intel,Windows 10,2.23,549.0
518,Lenovo,Thinkpad P51,Notebook,15.6,3840x2160,3.1,32,1TB SSD,Nvidia,Windows 10,2.5,4899.0
1126,Acer,Aspire A517-51G,Notebook,17.3,1920x1080,1.6,8,256GB SSD,Nvidia,Windows 10,3.0,854.0
51,Lenovo,Yoga Book,2 in 1 Convertible,10.1,1920x1200,1.44,4,64GB Flash Storage,Intel,Windows 10,0.69,646.27
772,HP,17-ak002nv (A10-9620P/6GB/2TB/Radeon,Notebook,17.3,1920x1080,2.5,6,2TB HDD,AMD,Windows 10,2.71,655.01
1001,HP,EliteBook 820,Netbook,12.5,1366x768,2.6,8,256GB SSD,Intel,Windows 10,1.26,1389.0
330,HP,Omen 17-W295,Gaming,17.3,1920x1080,2.8,16,256GB SSD +  1TB HDD,Nvidia,Windows 10,3.35,1379.0
66,Dell,Precision M5520,Workstation,15.6,3840x2160,2.8,8,256GB SSD,Nvidia,Windows 10,1.78,2712.0
829,Asus,X540UA-DM186 (i3-6006U/4GB/1TB/FHD/Linux),Notebook,15.6,1920x1080,2.0,4,1TB HDD,Intel,Linux,2.0,389.0
1129,Acer,Extensa EX2540-58KR,Notebook,15.6,1366x768,2.5,4,500GB HDD,Intel,Windows 10,2.4,559.0
1197,Lenovo,IdeaPad 310-15IKB,Notebook,15.6,1920x1080,2.5,6,256GB SSD,Nvidia,Windows 10,2.4,695.0
171,Lenovo,IdeaPad 320-15IAP,Notebook,15.6,1366x768,1.1,4,1TB HDD,Intel,Windows 10,2.2,306.0
233,HP,ProBook 640,Notebook,14.0,1920x1080,2.5,8,256GB SSD,Intel,Windows 10,1.95,980.0
205,Dell,Inspiron 3576,Notebook,15.6,1920x1080,1.6,8,256GB SSD,AMD,Windows 10,2.13,728.0
361,Asus,GL553VE-FY082T (i7-7700HQ/8GB/1TB,Gaming,15.6,1920x1080,2.8,8,128GB SSD +  1TB HDD,Nvidia,Windows 10,2.5,1265.0
1250,Lenovo,B51-80 (i7-6500U/8GB/1008GB/Radeon,Notebook,15.6,1920x1080,2.5,8,1.0TB Hybrid,AMD,Windows 7,2.32,895.0
707,Dell,Vostro 3568,Notebook,15.6,1366x768,2.0,4,1TB HDD,AMD,Windows 10,2.18,614.0
884,Acer,Chromebook CB5-571-C1DZ,Notebook,15.6,1920x1080,1.5,4,16GB Flash Storage,Intel,Chrome OS,2.2,359.0
1071,Lenovo,IdeaPad 320-15ABR,Notebook,15.6,1920x1080,3.6,6,256GB SSD,AMD,Windows 10,2.2,597.57
95,Dell,Inspiron 3552,Notebook,15.6,1366x768,1.6,4,500GB HDD,Intel,Windows 10,2.2,369.0
745,Asus,X553SA-XX021T (N3050/4GB/500GB/W10),Notebook,15.6,1366x768,1.6,4,500GB HDD,Intel,Windows 10,2.2,369.0
899,Acer,Aspire 3,Notebook,15.6,1366x768,2.7,4,1TB HDD,Intel,Linux,2.1,367.0
313,Asus,VivoBook S15,Ultrabook,15.6,1920x1080,2.7,8,256GB SSD,Nvidia,Windows 10,1.7,1049.9
1063,MSI,GL62M 7RD,Gaming,15.6,1920x1080,2.5,8,128GB SSD +  1TB HDD,Nvidia,Windows 10,2.2,1119.91
193,Dell,Inspiron 5578,2 in 1 Convertible,15.6,1920x1080,2.7,8,256GB SSD,Intel,Windows 10,2.3,1094.0
625,HP,15-BS101nv (i7-8550U/8GB/256GB/FHD/W10),Ultrabook,15.6,1920x1080,1.8,8,256GB SSD,Intel,Windows 10,1.91,659.0
142,HP,ProBook 650,Notebook,15.6,1920x1080,2.9,8,256GB SSD,Intel,Windows 10,2.31,1427.0
243,HP,Chromebook X360,2 in 1 Convertible,11.6,1366x768,1.1,8,64GB Flash Storage,Intel,Chrome OS,1.4,495.0
1214,HP,EliteBook 840,Notebook,14.0,1920x1080,2.6,8,256GB SSD,Intel,Windows 10,1.48,1268.0
1047,Dell,Inspiron 3567,Notebook,15.6,1366x768,2.0,4,1TB HDD,Intel,Windows 10,2.3,418.64
648,Lenovo,IdeaPad 110-15ISK,Notebook,15.6,1920x1080,2.0,4,1TB HDD,AMD,No OS,2.2,479.0
34,Apple,MacBook Pro,Ultrabook,15.4,2880x1800,2.2,16,256GB Flash Storage,Intel,Mac OS X,2.04,2139.97
804,HP,EliteBook 840,Notebook,14.0,1920x1080,2.3,4,500GB HDD,Intel,Windows 7,1.54,1030.99
872,HP,250 G6,Notebook,15.6,1920x1080,2.0,4,500GB HDD,Intel,Windows 10,1.86,397.0
1297,HP,EliteBook 850,Notebook,15.6,1920x1080,2.3,8,256GB SSD,Intel,Windows 7,1.88,1579.0
192,Dell,Vostro 5568,Notebook,15.6,1920x1080,2.5,8,1TB HDD,Intel,Linux,1.98,726.0
451,HP,15-ra044nv (N3060/4GB/500GB/W10),Notebook,15.6,1366x768,1.6,4,500GB HDD,Intel,Windows 10,2.1,347.0
894,Fujitsu,LifeBook A556,Notebook,15.6,1366x768,2.3,4,256GB SSD,Intel,Windows 10,2.3,649.0
961,Toshiba,Tecra Z40-C-136,Ultrabook,14.0,1920x1080,2.6,8,256GB SSD,Intel,Windows 10,1.47,1725.0
1168,Lenovo,Thinkpad T460,Ultrabook,14.0,1920x1080,2.3,4,180GB SSD,Intel,Windows 10,1.7,1096.0
966,Lenovo,Thinkpad T560,Notebook,15.6,1920x1080,2.6,8,256GB SSD,Intel,Windows 10,2.3,1529.0
794,Mediacom,SmartBook 140,Notebook,14.0,1920x1080,1.44,2,32GB Flash Storage,Intel,Windows 10,1.4,239.0
763,Lenovo,ThinkPad P51,Workstation,15.6,1920x1080,2.8,8,512GB SSD,Nvidia,Windows 10,2.67,1925.0
946,Lenovo,Ideapad 310-15ISK,Notebook,15.6,1920x1080,2.0,4,1TB HDD,Intel,Windows 10,1.85,414.9
1298,Acer,Aspire 5,Notebook,15.6,1366x768,2.0,4,500GB HDD,Nvidia,Windows 10,2.2,469.0
715,Asus,L403NA-GA013TS (N3350/4GB/32GB/W10),Notebook,14.0,1366x768,1.1,4,32GB Flash Storage,Intel,Windows 10,1.5,278.0
762,Dell,XPS 13,Ultrabook,13.3,1920x1080,1.8,8,256GB SSD,Intel,Windows 10,1.2,1449.0
1101,MSI,GL62M (i5-7300HQ/8GB/1TB,Gaming,15.6,1920x1080,2.5,8,128GB SSD +  1TB HDD,Nvidia,Windows 10,2.2,1089.0
994,HP,EliteBook Folio,Netbook,12.5,1920x1080,1.2,8,512GB SSD,Intel,Windows 10,0.97,1908.0
528,Dell,Latitude 5480,Ultrabook,14.0,1920x1080,2.8,8,256GB SSD,Intel,Linux,1.6,1099.0
926,Lenovo,IdeaPad 310-15ISK,Notebook,15.6,1366x768,2.5,8,500GB HDD,Nvidia,No OS,2.2,629.0
791,HP,250 G6,Notebook,15.6,1366x768,2.0,4,1TB HDD,Intel,No OS,1.86,345.99
351,Acer,Chromebook 14,Notebook,14.0,1366x768,1.6,4,32GB Flash Storage,Intel,Chrome OS,1.68,349.0
166,Dell,Latitude E5570,Notebook,15.6,1920x1080,2.4,8,256GB SSD,Intel,Windows 7,2.09,1062.95
1196,Acer,Aspire A315-31,Notebook,15.6,1366x768,1.1,4,1TB HDD,Intel,Windows 10,2.1,348.0
1056,Dell,Inspiron 5570,Notebook,15.6,1920x1080,1.6,8,128GB SSD +  1TB HDD,AMD,Windows 10,2.33,844.0
909,Razer,Blade Pro,Gaming,17.3,3840x2160,2.9,32,1TB SSD,Nvidia,Windows 10,3.49,6099.0
1189,Lenovo,IdeaPad 320-15AST,Notebook,15.6,1366x768,2.2,4,128GB SSD,AMD,Windows 10,2.2,349.0
654,MSI,GT72VR Dominator,Gaming,17.3,1920x1080,2.8,16,256GB SSD +  1TB HDD,Nvidia,Windows 10,3.78,2499.0
968,Lenovo,IdeaPad 320-15ISK,Notebook,15.6,1920x1080,2.3,4,500GB HDD,Intel,Windows 10,2.2,535.0
1027,HP,EliteBook 820,Ultrabook,12.5,1920x1080,2.5,8,256GB SSD,Intel,Windows 7,1.26,2296.95
217,Lenovo,N23 (N3060/4GB/128GB/W10),Netbook,11.6,1366x768,1.6,4,128GB SSD,Intel,Windows 10,1.4,475.0
1224,Lenovo,Thinkpad X270,Ultrabook,12.5,1920x1080,2.7,8,256GB SSD,Intel,Windows 10,1.36,1584.0
559,Dell,Inspiron 7773,Notebook,17.3,1920x1080,1.8,16,512GB SSD,Nvidia,Windows 10,2.77,1549.0
136,Dell,XPS 13,Ultrabook,13.3,1920x1080,2.5,8,128GB SSD,Intel,Windows 10,1.29,899.0
420,Dell,Inspiron 5379,2 in 1 Convertible,13.3,1920x1080,1.8,8,1TB HDD,Intel,Windows 10,1.62,839.0
54,Toshiba,Portege X30-D-10L,Ultrabook,13.3,1920x1080,2.7,32,512GB SSD,Intel,Windows 10,1.05,2799.0
788,Acer,Aspire 3,Notebook,15.6,1366x768,3.0,4,256GB SSD,AMD,Windows 10,2.1,451.0
628,HP,15-cb003na (i5-7300HQ/8GB/1TB,Notebook,15.6,1920x1080,2.5,8,128GB SSD +  1TB HDD,Nvidia,Windows 10,2.2,1099.0
1215,Lenovo,V330-15IKB (i7-8550U/8GB/256GB/FHD/W10),Notebook,15.6,1920x1080,1.8,8,256GB SSD,Intel,Windows 10,2.05,880.0
396,Lenovo,V110-15ISK (i3-6006U/4GB/1TB/No,Notebook,15.6,1366x768,2.0,4,1TB HDD,Intel,No OS,1.9,339.0
1083,Asus,X553SA-XX031T (N3050/4GB/500GB/W10),Notebook,15.6,1366x768,1.6,4,500GB HDD,Intel,Windows 10,2.2,369.0
20,HP,EliteBook x360,2 in 1 Convertible,13.3,1920x1080,2.5,8,256GB SSD,Intel,Windows 10,1.28,2277.0
1263,HP,Probook 430,Notebook,13.3,1920x1080,1.8,16,512GB SSD,Intel,Windows 10,1.49,1197.0
258,Dell,Inspiron 7567,Gaming,15.6,1920x1080,2.8,8,1TB HDD,Nvidia,Linux,2.62,929.0
159,Dell,Vostro 3568,Notebook,15.6,1366x768,2.0,4,1TB HDD,Intel,Windows 10,2.18,558.6
572,Lenovo,IdeaPad Y700-15ACZ,Gaming,15.6,1920x1080,2.1,16,512GB SSD +  1TB HDD,AMD,Windows 10,2.5,999.0
374,Toshiba,Satellite Pro,Notebook,15.6,1920x1080,2.5,8,500GB HDD,Intel,Windows 10,2.0,860.0
25,HP,EliteBook 820,Ultrabook,12.5,1366x768,2.4,8,256GB SSD,Intel,Windows 7,1.26,1895.0
345,Lenovo,Legion Y520-15IKBN,Gaming,15.6,1920x1080,2.8,4,1TB HDD,Nvidia,Windows 10,2.4,999.0
827,Dell,Latitude 3180,Netbook,11.6,1366x768,1.1,4,128GB SSD,Intel,Windows 10,1.63,744.0
661,HP,Probook 450,Notebook,15.6,1920x1080,2.5,8,256GB SSD,Nvidia,Windows 10,2.04,889.0
102,Lenovo,ThinkPad Yoga,2 in 1 Convertible,13.3,1920x1080,2.7,8,512GB SSD,Intel,Windows 10,1.37,2025.0
185,Asus,ROG Strix,Gaming,17.3,1920x1080,2.5,8,128GB SSD +  1TB HDD,Nvidia,Windows 10,2.73,1770.0
69,Asus,K756UX-T4340T (i5-7200U/8GB/500GB,Notebook,17.3,1920x1080,2.5,8,256GB SSD +  500GB HDD,Nvidia,Windows 10,2.69,891.0
327,MSI,GE63VR 7RE,Gaming,15.6,1920x1080,2.8,16,256GB SSD +  1TB HDD,Nvidia,Windows 10,2.4,1799.0
439,Acer,Chromebook C731-C78G,Netbook,11.6,1366x768,1.6,4,32GB Flash Storage,Intel,Chrome OS,1.25,297.0
662,MSI,GT73EVR 7RE,Gaming,17.3,1920x1080,2.8,16,512GB SSD +  1TB HDD,Nvidia,Windows 10,4.14,2499.0
799,Asus,X555QG-DM242T (A10-9620P/4GB/1TB,Notebook,15.6,1920x1080,2.5,4,128GB SSD +  1TB HDD,AMD,Windows 10,2.2,575.0
555,HP,ProBook 450,Notebook,15.6,1920x1080,1.6,4,500GB HDD,Intel,Windows 10,2.1,722.0
40,Toshiba,Tecra A40-C-1E5,Notebook,14.0,1366x768,2.3,4,128GB SSD,Intel,Windows 10,1.75,1020.0
1110,Lenovo,Yoga 900-13ISK,2 in 1 Convertible,13.3,3200x1800,2.5,16,512GB SSD,Intel,Windows 10,1.3,1499.0
998,HP,Elitebook 1040,Ultrabook,14.0,1920x1080,2.7,8,256GB SSD,Intel,Windows 10,1.36,1750.0
500,MSI,GE72 Apache,Gaming,17.3,1920x1080,2.6,8,128GB SSD +  1TB HDD,Nvidia,Windows 10,2.9,1511.19
734,Dell,XPS 13,Ultrabook,13.3,3200x1800,1.6,8,256GB SSD,Intel,Windows 10,1.23,1869.0
974,Lenovo,Thinkpad T470,Notebook,14.0,1920x1080,2.5,8,180GB SSD,Intel,Windows 10,1.7,1364.0
117,HP,EliteBook x360,2 in 1 Convertible,13.3,1920x1080,2.5,4,256GB SSD,Intel,Windows 10,1.28,1799.0
392,HP,ProBook 450,Notebook,15.6,1366x768,2.4,4,256GB SSD,Intel,Windows 10,2.04,769.99
1060,Dell,Inspiron 5570,Notebook,15.6,1920x1080,1.8,16,256GB SSD +  2TB HDD,AMD,Windows 10,2.2,1219.24
613,Asus,Pro P2540UA-XS51,Notebook,15.6,1920x1080,2.5,8,256GB SSD,Intel,Windows 10,2.37,1099.0
711,HP,Probook 440,Notebook,14.0,1920x1080,1.8,8,512GB SSD,Intel,Windows 10,1.63,1084.0
1245,Dell,Vostro 3568,Notebook,15.6,1366x768,2.4,4,128GB SSD,Intel,Windows 10,2.18,547.0
639,Asus,Zenbook 3,Ultrabook,14.0,1920x1080,2.7,8,512GB SSD,Intel,Windows 10,1.1,1873.0
9,Acer,Aspire A517-51G,Notebook,17.3,1920x1080,1.6,4,256GB SSD,Nvidia,Windows 10,3.0,805.0
1213,Lenovo,V310-15ISK (i3-6006U/4GB/500GB/No,Notebook,15.6,1366x768,2.0,4,500GB HDD,Intel,No OS,1.9,450.0
535,Dell,Inspiron 7577,Gaming,15.6,1920x1080,2.8,8,128GB SSD +  1TB HDD,Nvidia,Windows 10,2.62,1159.0
155,Dell,XPS 13,Ultrabook,13.3,3200x1800,2.4,8,256GB SSD,Intel,Linux,1.23,1099.0
1074,HP,ProBook 470,Notebook,17.3,1920x1080,2.7,8,1TB HDD,Nvidia,Windows 10,2.63,1280.0
472,Dell,Inspiron 3179,2 in 1 Convertible,11.6,1366x768,1.0,4,128GB SSD,Intel,Windows 10,1.39,603.0
47,Lenovo,V320-17ISK (i3-6006U/4GB/500GB/FHD/No,Notebook,17.3,1920x1080,2.0,4,500GB HDD,Intel,No OS,2.8,529.0
5,HP,ProBook 470,Notebook,17.3,1920x1080,1.6,8,256GB SSD,Intel,Windows 10,2.5,928.0
466,Asus,VivoBook Max,Notebook,15.6,1366x768,2.4,4,1TB HDD,Intel,Windows 10,2.0,435.0
712,HP,Probook 440,Notebook,14.0,1920x1080,1.6,8,1TB HDD,Intel,Windows 10,1.63,812.0
212,Acer,Swift 3,Notebook,14.0,1920x1080,2.4,8,128GB SSD,Intel,Windows 10,1.5,619.0
1067,HP,250 G6,Notebook,15.6,1920x1080,2.5,8,256GB SSD,Intel,No OS,1.86,575.0
785,HP,15-AY023na (N3710/8GB/2TB/W10),Notebook,15.6,1366x768,1.6,8,2TB HDD,Intel,Windows 10,2.04,389.0
332,Dell,Latitude 3580,Notebook,15.6,1366x768,2.5,8,128GB SSD,Intel,Windows 10,1.95,810.0
1199,MSI,GT62VR 7RE,Gaming,15.6,1920x1080,2.8,16,256GB SSD +  1TB HDD,Nvidia,Windows 10,2.94,2267.86
412,Dell,XPS 15,Notebook,15.6,1920x1080,2.8,8,256GB SSD,Nvidia,Windows 10,2.0,1829.0
200,HP,EliteBook 1040,Ultrabook,14.0,1920x1080,2.5,8,256GB SSD,Intel,Windows 10,1.43,1500.0
509,Toshiba,Satellite Pro,Notebook,15.6,1920x1080,2.5,8,256GB SSD,Intel,Windows 10,2.0,943.0
411,MSI,GL62M 7RDX,Gaming,15.6,1920x1080,2.8,8,128GB SSD +  1TB HDD,Nvidia,Windows 10,2.2,1149.0
627,Lenovo,ThinkPad Yoga,2 in 1 Convertible,13.3,1920x1080,2.7,8,256GB SSD,Intel,Windows 10,1.37,1950.0
1088,Lenovo,IdeaPad 320-15ABR,Notebook,15.6,1920x1080,3.6,12,2TB HDD,AMD,Windows 10,2.2,899.0
881,Dell,Latitude 3580,Notebook,15.6,1366x768,2.3,4,500GB HDD,Intel,Windows 10,1.95,729.9
914,Dell,XPS 13,2 in 1 Convertible,13.3,3200x1800,1.3,16,512GB SSD,Intel,Windows 10,1.22,1899.0
690,Toshiba,Satellite Pro,Notebook,15.6,1366x768,2.5,8,128GB SSD,Intel,Windows 10,2.0,793.0
111,HP,ZBook 15u,Notebook,15.6,1920x1080,2.5,8,500GB HDD,AMD,Windows 10,1.9,1154.0
26,HP,Probook 450,Notebook,15.6,1920x1080,2.7,8,128GB SSD +  1TB HDD,Nvidia,Windows 10,2.04,979.0
375,Dell,Alienware 17,Gaming,17.3,1920x1080,2.8,16,256GB SSD +  1TB HDD,Nvidia,Windows 10,4.42,2699.0
289,HP,Pavilion Power,Notebook,15.6,1920x1080,2.8,12,128GB SSD +  1TB HDD,Nvidia,Windows 10,2.21,1327.0
1007,HP,Envy 13-AD007nv,Notebook,13.3,1920x1080,2.5,4,256GB SSD,Intel,Windows 10,1.32,699.0
476,Lenovo,Yoga Book,2 in 1 Convertible,10.1,1920x1200,1.44,4,64GB Flash Storage,Intel,Windows 10,0.69,479.0
475,Asus,UX410UA-GV350T (i5-8250U/8GB/256GB/FHD/W10),Notebook,14.0,1920x1080,1.6,8,256GB SSD,Intel,Windows 10,1.4,941.0
125,Acer,Aspire 7,Notebook,15.6,1920x1080,2.8,8,256GB SSD,Nvidia,Linux,2.5,879.0
1154,HP,EliteBook 840,Ultrabook,14.0,1920x1080,2.5,8,512GB SSD,Intel,Windows 10,1.54,1468.0
1184,HP,Zbook 15,Workstation,15.6,1920x1080,2.8,8,256GB SSD,Nvidia,Windows 10,2.6,1738.27
322,Fujitsu,Lifebook A557,Notebook,15.6,1366x768,2.5,8,1TB HDD,Intel,Windows 10,2.2,739.0
280,Samsung,Notebook 9,Ultrabook,15.0,1920x1080,2.7,16,256GB SSD,Nvidia,Windows 10,1.23,1849.0
63,Lenovo,IdeaPad 320-15IKBN,Notebook,15.6,1920x1080,2.5,8,256GB SSD,Nvidia,No OS,2.2,629.0
547,Asus,Rog GL502VM-DS74,Gaming,15.6,1920x1080,2.8,16,128GB SSD +  1TB HDD,Nvidia,Windows 10,2.1,1899.0
1293,Lenovo,ThinkPad 13,Notebook,13.3,1366x768,1.6,4,16GB Flash Storage,Intel,Chrome OS,1.45,459.9
536,Acer,Aspire A315-51,Notebook,15.6,1366x768,2.0,4,1TB HDD,Intel,Linux,2.1,390.0
687,Lenovo,V110-15IKB (i5-7200U/4GB/128GB/W10),Notebook,15.6,1366x768,2.5,4,128GB SSD,Intel,Windows 10,1.9,498.0
1023,Dell,Inspiron 3567,Notebook,15.6,1920x1080,2.7,8,1TB HDD,AMD,Linux,2.2,599.9
210,HP,15-bw011nv (A6-9220/4GB/1TB/FHD/W10),Notebook,15.6,1920x1080,2.5,4,1TB HDD,AMD,Windows 10,2.1,398.0
657,Dell,Latitude 5580,Notebook,15.6,1366x768,2.6,8,500GB HDD,Intel,Windows 10,1.9,1008.52
671,Asus,ROG Strix,Gaming,15.6,1920x1080,2.8,8,128GB SSD +  1TB HDD,Nvidia,Windows 10,2.3,1655.0
194,Lenovo,Ideapad 700-15ISK,Notebook,15.6,1920x1080,2.3,4,1TB HDD,Nvidia,Windows 10,2.3,977.0
672,HP,Elitebook 840,Notebook,14.0,1920x1080,2.7,8,256GB SSD,Intel,Windows 10,1.48,1292.0
1152,Acer,TravelMate P259-G2,Notebook,15.6,1366x768,2.5,4,500GB HDD,Intel,Windows 10,2.23,619.0
201,MSI,GE73VR 7RE,Gaming,17.3,1920x1080,2.8,16,256GB SSD +  1TB HDD,Nvidia,Windows 10,2.8,1890.0
792,Acer,Aspire E5-475,Notebook,14.0,1366x768,2.0,8,1TB HDD,Intel,Windows 10,2.1,389.0
306,Lenovo,ThinkPad X1,Ultrabook,14.0,1920x1080,2.7,16,512GB SSD,Intel,Windows 10,1.14,2450.0
828,Dell,Inspiron 5567,Notebook,15.6,1920x1080,2.7,16,1TB HDD,AMD,Windows 10,2.3,859.01
1055,HP,Elitebook 820,Netbook,12.5,1920x1080,2.7,8,512GB SSD,Intel,Windows 10,1.26,1483.0
813,Dell,Alienware 17,Gaming,17.3,3840x2160,2.8,32,1TB SSD +  1TB HDD,Nvidia,Windows 10,4.36,3659.4
1000,Acer,Aspire R7,2 in 1 Convertible,13.3,1920x1080,2.5,8,256GB SSD,Intel,Windows 10,1.6,789.01
110,HP,Probook 450,Notebook,15.6,1920x1080,2.5,8,1TB HDD,Intel,Windows 10,2.04,806.0
399,Acer,Aspire ES1-572,Notebook,15.6,1366x768,2.5,4,500GB HDD,Intel,Linux,2.4,441.8
636,Lenovo,IdeaPad 510-15IKB,Notebook,15.6,1920x1080,2.7,8,1TB HDD,Nvidia,No OS,2.2,709.0
1264,HP,EliteBook 840,Ultrabook,14.0,1920x1080,2.7,4,256GB SSD,Intel,Windows 10,1.48,1082.0
318,Lenovo,Legion Y520-15IKBN,Gaming,15.6,1920x1080,2.8,16,256GB SSD,Nvidia,Windows 10,2.5,1079.0
172,Acer,SP714-51 (i7-7Y75/8GB/256GB/FHD/W10),2 in 1 Convertible,14.0,1920x1080,1.3,8,256GB SSD,Intel,Windows 10,1.2,1149.0
293,Acer,Aspire A517-51G,Notebook,15.6,1920x1080,1.8,8,256GB SSD,Nvidia,Windows 10,3.0,951.0
138,Lenovo,ThinkPad P40,2 in 1 Convertible,14.0,1920x1080,2.6,8,512GB SSD,Nvidia,Windows 7,1.8,2050.38
747,MSI,GL62 6QF,Gaming,15.6,1920x1080,2.6,8,128GB SSD +  1TB HDD,Nvidia,Windows 10,2.3,1169.0
801,Lenovo,ThinkPad X1,Notebook,14.0,2560x1440,2.6,16,256GB SSD,Intel,Windows 7,1.1,2620.0
45,Dell,Latitude 7480,Ultrabook,14.0,1920x1080,2.8,8,512GB SSD,Intel,Windows 10,1.36,1680.0
1262,Lenovo,IdeaPad 320-15ISK,Notebook,15.6,1366x768,2.0,8,128GB SSD,Intel,Windows 10,2.2,589.0
923,Acer,Aspire R7,2 in 1 Convertible,13.3,1920x1080,2.3,8,256GB SSD,Intel,Windows 10,1.6,689.0
879,Acer,Aspire E5-774G,Notebook,17.3,1600x900,2.0,8,1TB HDD,Nvidia,Windows 10,3.3,629.0
931,Toshiba,Portégé Z30-C-16K,Ultrabook,13.3,1920x1080,2.3,8,256GB SSD,Intel,Windows 10,1.2,1590.0
730,Asus,FX502VM-DM105T (i7-6700HQ/8GB/1TB/GeForce,Gaming,15.6,1920x1080,2.6,8,1TB HDD,Nvidia,Windows 10,2.2,1169.0
55,Asus,X542UQ-DM117 (i3-7100U/8GB/1TB/GeForce,Notebook,15.6,1920x1080,2.4,8,1TB HDD,Nvidia,Linux,2.3,597.0
373,HP,Spectre Pro,2 in 1 Convertible,13.3,2560x1440,2.6,8,512GB SSD,Intel,Windows 10,1.48,2041.0
603,Lenovo,IdeaPad 510-15IKB,Notebook,15.6,1920x1080,2.7,6,256GB SSD,Nvidia,Windows 10,2.2,789.0
197,Toshiba,Portege X30-D-10V,Notebook,13.3,1920x1080,2.5,8,256GB SSD,Intel,Windows 10,1.05,1475.0
599,Asus,Rog Strix,Gaming,17.3,1920x1080,3.2,8,256GB SSD +  1TB HDD,AMD,Windows 10,3.2,1695.0
1258,Acer,Predator G9-793,Gaming,17.3,1920x1080,2.8,16,256GB SSD +  1TB HDD,Nvidia,Windows 10,4.2,2299.0
682,HP,Probook 440,Notebook,14.0,1366x768,1.6,4,500GB HDD,Intel,Windows 10,1.63,722.0
752,Acer,Swift 3,Ultrabook,14.0,1920x1080,1.6,8,256GB SSD,Intel,Windows 10,1.6,770.0
283,Mediacom,SmartBook 130,Notebook,13.3,1920x1080,1.44,4,32GB Flash Storage,Intel,Windows 10,1.35,255.0
1205,Toshiba,Tecra A50-D-11D,Notebook,15.6,1920x1080,2.7,8,256GB SSD,Intel,Windows 10,2.0,1388.0
1237,Acer,Aspire 3,Notebook,15.6,1366x768,2.0,4,1TB HDD,Intel,Linux,2.1,272.0
28,Dell,Inspiron 7579,2 in 1 Convertible,15.6,1920x1080,2.7,12,512GB SSD,Intel,Windows 10,2.19,1299.0
809,Dell,Inspiron 3576,Notebook,15.6,1920x1080,1.8,8,256GB SSD,AMD,Windows 10,2.13,767.8
1274,HP,15-bw007nv (A10-9620P/6GB/128GB/Radeon,Notebook,15.6,1920x1080,2.5,6,128GB SSD,AMD,Windows 10,1.91,568.9
532,HP,250 G6,Notebook,15.6,1920x1080,2.5,8,256GB SSD,Intel,Windows 10,1.96,598.99
1167,Razer,Blade Pro,Gaming,14.0,1920x1080,2.8,16,1TB SSD,Nvidia,Windows 10,1.95,3499.0
942,Lenovo,ThinkPad L570,Notebook,15.6,1920x1080,2.5,8,256GB SSD,Intel,Windows 10,2.3,911.0
638,Acer,Spin 3,Notebook,15.6,1920x1080,2.4,6,1TB HDD,Intel,Windows 10,2.1,479.0
739,HP,ProBook 450,Notebook,15.6,1920x1080,2.7,8,1TB HDD,Nvidia,Windows 10,2.04,900.0
1181,Asus,Pro P2540UA-XO0198T,Notebook,15.6,1366x768,2.4,4,1TB HDD,Intel,Windows 10,2.37,398.99
109,Asus,Rog G752VT-GC073T,Gaming,17.3,1920x1080,2.6,16,128GB SSD +  1TB HDD,Nvidia,Windows 10,4.0,1900.0
1235,Dell,Vostro 3568,Notebook,15.6,1366x768,2.5,8,128GB SSD,Intel,Windows 10,2.18,713.99
640,HP,EliteBook 850,Ultrabook,15.6,1920x1080,2.5,8,256GB SSD,AMD,Windows 10,1.84,1296.99
319,Lenovo,V510-15IKB (i5-7200U/8GB/256GB/FHD/No,Notebook,15.6,1920x1080,2.5,8,256GB SSD,Intel,No OS,2.3,573.0
1002,Asus,E402WA-GA010T (E2-6110/2GB/32GB/W10),Notebook,14.0,1366x768,1.5,2,32GB Flash Storage,AMD,Windows 10,1.65,199.0
132,Dell,Latitude 3480,Notebook,14.0,1366x768,2.3,4,500GB HDD,Intel,Windows 10,1.76,755.0
560,HP,Stream 11-Y000na,Netbook,11.6,1366x768,1.6,2,32GB Flash Storage,Intel,Windows 10,1.17,209.0
601,Asus,L502NA-GO052T (N3350/4GB/128GB/W10),Notebook,15.6,1366x768,1.1,4,128GB SSD,Intel,Windows 10,1.86,419.0
495,Dell,Alienware 17,Gaming,17.3,1920x1080,2.8,32,512GB SSD +  1TB HDD,Nvidia,Windows 10,4.42,3072.89
839,Asus,Rog GL553VE-DS74,Gaming,15.6,1920x1080,2.8,16,256GB SSD +  1TB HDD,Nvidia,Windows 10,2.5,1799.0
622,Dell,Inspiron 5579,2 in 1 Convertible,15.6,1920x1080,1.6,8,256GB SSD,Intel,Windows 10,2.67,799.0
619,Asus,X705UV-BX074T (i3-6006U/4GB/1TB/GeForce,Notebook,17.3,1920x1080,2.0,4,1TB HDD,Nvidia,Windows 10,2.0,564.0
631,MSI,GS43VR 7RE,Gaming,14.0,1920x1080,2.8,16,256GB SSD +  1TB HDD,Nvidia,Windows 10,1.6,1891.0
515,Lenovo,IdeaPad 320-17IKBR,Notebook,17.3,1600x900,1.6,8,256GB SSD,Nvidia,No OS,2.8,698.0
869,LG,Gram 15Z975,Ultrabook,15.6,1920x1080,1.8,8,512GB SSD,Intel,Windows 10,1.09,2299.0
1068,HP,ZBook 15,Workstation,15.6,1920x1080,2.6,8,256GB SSD,Nvidia,Windows 7,2.59,2229.0
99,Dell,Latitude E7470,Ultrabook,14.0,2560x1440,2.6,8,256GB SSD,Intel,Windows 10,1.5,1962.98
795,Asus,E402WA-GA007T (E2-6110/4GB/64GB/W10,Notebook,14.0,1366x768,1.5,4,64GB SSD,AMD,Windows 10 S,1.65,277.99
408,Lenovo,Yoga 900-13ISK,2 in 1 Convertible,13.3,3200x1800,2.5,16,512GB SSD,Intel,Windows 10,1.3,1499.0
634,Asus,Rog G752VL-UH71T,Gaming,17.3,1920x1080,2.6,24,256GB SSD +  1TB HDD,Nvidia,Windows 10,4.33,1269.0
489,Acer,Aspire 3,Notebook,15.6,1366x768,3.0,4,500GB HDD,AMD,Windows 10,2.1,400.0
544,MSI,GP72MVR 7RFX,Gaming,17.3,1920x1080,2.8,8,128GB SSD +  1TB HDD,Nvidia,Windows 10,2.7,1409.0
853,Lenovo,ThinkPad E570,Notebook,15.6,1920x1080,2.5,8,1TB HDD,Intel,Windows 10,2.3,850.66
15,Lenovo,ThinkPad T470s,Notebook,14.0,1920x1080,2.6,8,256GB SSD,Intel,Windows 10,1.32,1650.0
485,Dell,XPS 13,2 in 1 Convertible,13.3,1920x1080,1.3,16,256GB SSD,Intel,Windows 10,1.22,1649.0
290,Asus,X541NA-PD1003Y (N4200/4GB/500GB/W10),Notebook,15.6,1366x768,1.1,4,500GB HDD,Intel,Windows 10,2.0,304.0
860,Acer,Aspire 5,Notebook,15.6,1366x768,1.6,12,1TB HDD,Nvidia,Windows 10,2.2,693.99
1206,HP,ProBook 640,Notebook,14.0,1366x768,2.5,4,500GB HDD,Intel,Windows 10,1.95,1060.0
1174,Dell,Vostro 3568,Notebook,15.6,1920x1080,2.5,8,256GB SSD,AMD,Windows 10,2.18,789.81
566,Dell,Vostro 3568,Notebook,15.6,1366x768,2.0,4,1TB HDD,AMD,Linux,2.18,465.0
227,Lenovo,Legion Y520-15IKBN,Gaming,15.6,1920x1080,2.5,8,128GB SSD +  1TB HDD,Nvidia,No OS,2.4,809.0
967,HP,Pavilion 15-AW003nv,Notebook,15.6,1920x1080,2.9,6,1.0TB Hybrid,AMD,Windows 10,2.04,549.99
423,Dell,Latitude 3480,Notebook,14.0,1366x768,2.0,4,500GB HDD,Intel,Windows 10,1.76,585.0
1221,Acer,Aspire 1,Notebook,14.0,1920x1080,1.1,4,32GB Flash Storage,Intel,Windows 10,1.6,329.0
1116,HP,Envy 13-AB077cl,Ultrabook,13.3,3200x1800,2.7,8,256GB SSD,Intel,Windows 10,1.39,1149.0
947,Asus,X541NA-GO414T (N3350/8GB/1TB/W10),Notebook,15.6,1366x768,1.1,8,1TB HDD,Intel,Windows 10,2.0,399.0
178,Lenovo,ThinkPad X1,Ultrabook,14.0,2560x1440,2.5,8,512GB SSD,Intel,Windows 10,1.17,1686.64
580,Dell,Latitude 5480,Notebook,14.0,1920x1080,2.8,8,256GB SSD,Nvidia,Linux,1.64,1089.0
370,Dell,Vostro 3568,Notebook,15.6,1366x768,2.0,8,256GB SSD,Intel,Windows 10,2.0,665.0
291,Apple,"MacBook 12""",Ultrabook,12.0,2304x1440,1.3,8,512GB SSD,Intel,macOS,0.92,1510.0
652,Acer,Aspire 5,Notebook,17.3,1920x1080,2.7,4,1TB HDD,Nvidia,Windows 10,3.0,655.0
349,Lenovo,ThinkPad T460s,Ultrabook,14.0,1920x1080,2.6,12,512GB SSD,Intel,Windows 7,1.4,2299.0
23,Apple,Macbook Air,Ultrabook,13.3,1440x900,1.8,8,128GB Flash Storage,Intel,macOS,1.34,898.94
956,Acer,Aspire A315-51,Notebook,15.6,1366x768,2.0,4,128GB SSD,Intel,Windows 10,2.1,449.0
996,HP,17-X047na (i3-6006U/8GB/1TB/W10),Notebook,17.3,1600x900,2.0,8,1TB HDD,Intel,Windows 10,2.65,544.15
1296,Dell,Inspiron 7567,Gaming,15.6,1920x1080,2.8,16,128GB SSD +  1TB HDD,Nvidia,Windows 10,2.6,1349.0
482,Lenovo,IdeaPad Y900-17ISK,Gaming,17.3,1920x1080,2.7,16,256GB SSD +  1.0TB Hybrid,Nvidia,Windows 10,4.6,2749.99
650,Acer,Aspire 3,Notebook,15.6,1366x768,2.0,4,128GB SSD,Intel,Linux,2.1,412.0
624,Acer,Swift SF114-31-P5HY,Notebook,14.0,1366x768,1.6,4,128GB Flash Storage,Intel,Windows 10,1.6,349.0
888,HP,Spectre x360,2 in 1 Convertible,13.3,1920x1080,1.6,8,256GB SSD,Intel,Windows 10,1.26,1398.99
488,Acer,Chromebook 14,Notebook,14.0,1366x768,1.6,2,32GB Flash Storage,Intel,Chrome OS,1.68,330.0
1238,Dell,Inspiron 3567,Notebook,15.6,1920x1080,2.5,4,256GB SSD,AMD,Linux,2.3,598.9
154,Dell,Latitude E7470,Notebook,14.0,1920x1080,2.4,8,256GB SSD,Intel,Windows 10,1.56,1229.0
381,Asus,Chromebook Flip,2 in 1 Convertible,12.5,1920x1080,0.9,4,64GB Flash Storage,Intel,Chrome OS,1.2,669.0
512,Lenovo,ThinkPad X1,Ultrabook,14.0,1920x1080,2.7,8,256GB Flash Storage,Intel,Windows 10,1.13,2049.0
494,Lenovo,Thinkpad P50,Notebook,15.6,3840x2160,2.7,16,512GB SSD,Nvidia,Windows 7,2.5,2370.0
742,Dell,Inspiron 5568,2 in 1 Convertible,15.6,1920x1080,2.3,4,1TB HDD,Intel,Windows 10,2.08,795.99
61,Dell,Inspiron 5770,Notebook,17.3,1920x1080,1.6,8,128GB SSD +  1TB HDD,AMD,Windows 10,2.8,1085.0
907,Dell,Latitude E5570,Notebook,15.6,1920x1080,2.4,8,500GB HDD,Intel,Windows 10,2.09,1046.44
308,MSI,Laptop MSI,Gaming,17.3,1920x1080,2.7,16,128GB SSD +  1TB HDD,Nvidia,Windows 10,4.14,2199.0
72,Asus,X553SA-XX031T (N3050/4GB/500GB/W10),Notebook,15.6,1366x768,1.6,4,500GB HDD,Intel,Windows 10,2.2,369.0
454,Dell,Inspiron 3576,Notebook,15.6,1920x1080,1.6,8,1TB HDD,AMD,Windows 10,2.2,675.0
978,MSI,GS73VR Stealth,Gaming,17.3,3840x2160,2.6,16,512GB SSD +  2TB HDD,Nvidia,Windows 10,2.43,2649.0
581,Mediacom,SmartBook Edge,Notebook,14.0,1920x1080,1.1,4,32GB SSD,Intel,Windows 10,1.45,389.0
1192,Apple,MacBook Pro,Ultrabook,13.3,2560x1600,3.1,8,512GB SSD,Intel,macOS,1.37,2040.0
1268,Lenovo,ThinkPad E480,Ultrabook,14.0,1920x1080,1.8,8,256GB SSD,AMD,Windows 10,1.75,1215.38
1160,Lenovo,Thinkpad Yoga,2 in 1 Convertible,13.3,1920x1080,2.7,8,256GB SSD,Intel,Windows 10,1.37,1757.42
1040,Lenovo,ThinkPad L570,Notebook,15.6,1366x768,2.5,4,500GB HDD,Intel,Windows 10,2.38,1055.0
658,Dell,Latitude 5580,Notebook,15.6,1920x1080,2.8,8,256GB SSD,Nvidia,Windows 10,1.93,1369.0
1018,Lenovo,Yoga 500-15ISK,2 in 1 Convertible,15.6,1920x1080,2.3,4,256GB SSD,Intel,Windows 10,2.1,867.0
531,Lenovo,Legion Y520-15IKBN,Gaming,15.6,1920x1080,2.8,16,256GB SSD +  2TB HDD,Nvidia,Windows 10,2.4,1129.0
723,Dell,Latitude 7280,Ultrabook,12.5,1920x1080,2.8,8,256GB SSD,Intel,Windows 10,1.6,1690.0
1077,Lenovo,IdeaPad 320-15IKB,Notebook,15.6,1920x1080,2.5,8,128GB SSD +  1TB HDD,Nvidia,Windows 10,2.3,819.0
877,Asus,ZenBook UX305CA-UBM1,Ultrabook,13.3,1920x1080,0.9,8,512GB SSD,Intel,Windows 10,1.2,729.0
645,HP,250 G6,Notebook,15.6,1366x768,2.5,4,1TB HDD,Intel,Windows 10,1.86,488.69
342,HP,250 G6,Notebook,15.6,1920x1080,2.0,4,1TB HDD,Intel,Windows 10,1.86,469.0
426,MSI,GT73VR Titan,Gaming,17.3,1920x1080,2.9,16,512GB SSD +  1TB HDD,Nvidia,Windows 10,4.14,2729.0
753,Lenovo,Thinkpad T460p,Notebook,14.0,1920x1080,2.3,8,256GB SSD,Intel,Windows 10,1.8,1191.0
261,Microsoft,Surface Laptop,Ultrabook,13.5,2256x1504,2.8,8,256GB SSD,Intel,Windows 10 S,1.25,1867.85
395,Apple,"MacBook 12""",Ultrabook,12.0,2304x1440,1.2,8,512GB Flash Storage,Intel,Mac OS X,0.92,1165.0
766,Lenovo,V310-15IKB (i5-7200U/4GB/1TB/No,Notebook,15.6,1366x768,2.5,4,1TB HDD,Intel,No OS,1.9,489.9
209,Dell,Inspiron 5578,2 in 1 Convertible,15.0,1920x1080,2.4,4,500GB HDD,Intel,Windows 10,2.08,509.0
1138,HP,EliteBook 840,Ultrabook,14.0,2560x1440,2.5,8,256GB SSD,Intel,Windows 7,1.54,2198.19
64,Lenovo,ThinkPad T470p,Ultrabook,14.0,1920x1080,2.8,8,256GB SSD,Nvidia,Windows 10,1.96,1903.0
1161,Asus,Q304UA-BHI5T11 (i5-7200U/6GB/1TB/FHD/W10),2 in 1 Convertible,13.3,1920x1080,2.5,6,1TB HDD,Intel,Windows 10,1.5,639.01
366,HP,Spectre Pro,Notebook,13.3,1920x1080,2.3,8,256GB SSD,Intel,Windows 10,1.16,1690.0
92,Acer,Aspire ES1-523,Notebook,15.6,1366x768,2.2,4,500GB HDD,AMD,Windows 10,2.4,387.0
50,HP,Elitebook Folio,Ultrabook,12.5,3840x2160,1.2,8,240GB SSD,Intel,Windows 10,1.09,3100.0
656,Toshiba,Portégé Z30-C-188,Ultrabook,13.3,1366x768,2.3,8,256GB SSD,Intel,Windows 10,1.2,1095.0
606,Lenovo,IdeaPad 100S-14IBR,Notebook,14.0,1366x768,1.6,2,64GB Flash Storage,Intel,Windows 10,1.5,229.0
503,Lenovo,B51-80 (i7-6500U/4GB/1008GB/FHD/W7),Notebook,15.6,1920x1080,2.5,4,1.0TB Hybrid,Intel,Windows 7,2.32,825.0
1288,Dell,Vostro 3568,Notebook,15.6,1366x768,2.5,4,1TB HDD,AMD,Windows 10,2.18,684.99
1193,Lenovo,Yoga 500-14ISK,2 in 1 Convertible,14.0,1920x1080,2.5,4,128GB SSD,Intel,Windows 10,1.8,638.0
188,Toshiba,Portege Z30-C-16J,Notebook,13.3,1920x1080,2.3,8,256GB SSD,Intel,Windows 10,1.2,1213.0
945,Dell,XPS 13,2 in 1 Convertible,13.3,1920x1080,1.2,8,256GB SSD,Intel,Windows 10,1.24,1899.0
1024,HP,250 G6,Notebook,15.6,1366x768,2.0,4,500GB HDD,AMD,Windows 10,1.86,438.69
53,HP,17-bs000nv I3,Notebook,17.3,1920x1080,2.0,4,256GB SSD,AMD,Windows 10,2.5,699.0
981,Lenovo,IdeaPad 320-15IKB,Notebook,15.6,1920x1080,2.7,8,1TB HDD,Nvidia,Windows 10,2.2,899.0
1282,Lenovo,IdeaPad Y700-15ISK,Gaming,15.6,1920x1080,2.6,16,128GB SSD +  1TB HDD,Nvidia,Windows 10,2.6,1029.0
721,HP,15-bw009nv (A12-9720P/6GB/1TB/Radeon,Notebook,15.6,1920x1080,2.7,6,1TB HDD,AMD,Windows 10,2.1,529.0
441,Dell,Vostro 3568,Notebook,15.6,1366x768,2.5,4,1TB HDD,Intel,Linux,2.18,521.86
1222,HP,Envy 13-ad009n,Ultrabook,13.3,1920x1080,2.7,8,256GB SSD,Nvidia,Windows 10,1.38,1119.0
992,Dell,Vostro 5568,Notebook,15.6,1920x1080,2.7,8,256GB SSD,Nvidia,Windows 10,2.18,1009.9
1271,Asus,VivoBook Flip,2 in 1 Convertible,11.6,1366x768,1.1,2,32GB Flash Storage,Intel,Windows 10,1.1,275.0
546,Asus,X553SA-XX031T (N3050/4GB/500GB/W10),Notebook,15.6,1366x768,1.6,4,500GB HDD,Intel,Windows 10,2.2,369.0
541,HP,EliteBook 1040,Notebook,14.0,1920x1080,2.3,8,256GB SSD,Intel,Windows 7,1.43,1469.0
915,Razer,Blade Pro,Gaming,14.0,1920x1080,2.8,16,256GB SSD,Nvidia,Windows 10,1.95,2599.0
543,Lenovo,ThinkPad Yoga,2 in 1 Convertible,13.3,1920x1080,2.5,8,512GB SSD,Intel,Windows 10,1.37,1825.0
139,HP,15-bs190od (i5-8250U/4GB/1TB/W10),Notebook,15.6,1366x768,1.6,4,1TB HDD,Intel,Windows 10,2.04,521.47
929,Dell,Inspiron 3567,Notebook,15.6,1366x768,2.7,8,1TB HDD,AMD,Linux,2.3,805.99
565,HP,15-bs078cl (i7-7500U/8GB/2TB/W10),Notebook,15.6,1366x768,2.7,8,2TB HDD,Intel,Windows 10,2.04,629.0
300,Lenovo,IdeaPad 320-15IKBN,Notebook,15.6,1366x768,2.5,8,256GB SSD,Intel,Windows 10,2.2,597.0
960,HP,250 G6,Notebook,15.6,1366x768,1.6,4,128GB SSD,Intel,No OS,1.86,299.0
750,HP,Omen 17-W006na,Gaming,17.3,1920x1080,2.3,8,128GB SSD +  1TB HDD,Nvidia,Windows 10,2.75,1399.0
362,Asus,Pro P2540UA-XO0192R,Notebook,15.6,1366x768,2.7,4,256GB SSD,Intel,Windows 10,2.37,849.9
808,Toshiba,Portege Z30T-C-133,Ultrabook,13.3,1920x1080,2.5,16,512GB SSD,Intel,Windows 10,1.36,1877.0
263,Dell,Inspiron 7567,Gaming,15.6,1920x1080,2.8,8,1.0TB Hybrid,Nvidia,Windows 10,2.62,899.0
701,Toshiba,Tecra X40-D-10G,Notebook,14.0,1920x1080,2.5,8,256GB SSD,Intel,Windows 10,1.25,1535.0
549,Acer,TravelMate B117-M,Netbook,11.6,1366x768,1.6,4,32GB Flash Storage,Intel,Windows 10,1.4,269.0
530,Asus,X751NV-TY001 (N4200/4GB/1TB/GeForce,Notebook,17.3,1366x768,1.1,4,1TB HDD,Nvidia,Windows 10,2.8,470.34
1010,Lenovo,Thinkpad E470,Notebook,14.0,1920x1080,2.5,8,256GB SSD,Nvidia,Windows 10,1.87,857.07
382,Lenovo,Legion Y520-15IKBN,Gaming,15.6,1920x1080,2.5,8,256GB SSD,Nvidia,No OS,2.4,779.0
80,Dell,XPS 15,Notebook,15.6,3840x2160,2.3,8,256GB SSD,Nvidia,Windows 10,2.04,2250.68
939,Dell,Inspiron 7567,Gaming,15.6,1920x1080,2.5,8,256GB SSD,Nvidia,Windows 10,2.62,985.0
789,HP,ProBook 440,Notebook,14.0,1920x1080,2.7,8,256GB SSD,Nvidia,Windows 10,1.64,1185.43
1239,Lenovo,Thinkpad L560,Notebook,15.6,1920x1080,2.3,8,256GB SSD,Intel,Windows 10,2.3,1049.6
871,HP,Elitebook 850,Notebook,15.6,1920x1080,2.7,8,256GB SSD,Intel,Windows 10,1.84,1304.0
218,HP,EliteBook 820,Ultrabook,12.5,1920x1080,2.5,4,500GB HDD,Intel,Windows 10,1.26,1539.0
1182,Dell,Latitude 5590,Ultrabook,15.6,1920x1080,1.9,8,256GB SSD +  256GB SSD,Intel,Windows 10,1.88,1298.0
928,HP,15-BS026nv (i5-7200U/8GB/256GB/Radeon,Notebook,15.6,1366x768,2.5,8,256GB SSD,AMD,Windows 10,1.91,618.99
722,Lenovo,IdeaPad 310-15ISK,Notebook,15.6,1366x768,2.0,8,1TB HDD,Intel,Windows 10,2.2,459.0
126,Dell,Inspiron 3576,Notebook,15.6,1920x1080,1.6,8,1TB HDD,AMD,Linux,2.2,647.0
486,Lenovo,ThinkPad X1,2 in 1 Convertible,14.0,2560x1440,2.7,16,512GB SSD,Intel,Windows 10,1.42,2509.0
1230,Toshiba,Satellite Pro,Notebook,15.6,1920x1080,2.5,8,256GB SSD,Nvidia,Windows 10,2.2,1043.0
823,Dell,Inspiron 7570,Notebook,15.6,1920x1080,1.6,8,256GB SSD,Nvidia,Windows 10,2.0,1142.75
1300,Dell,Inspiron 5567,Notebook,15.6,1920x1080,2.5,8,1TB HDD,AMD,Windows 10,2.36,638.8
1190,HP,250 G6,Notebook,15.6,1366x768,2.0,4,500GB HDD,Intel,Windows 10,1.86,439.0
401,Acer,Aspire 3,Notebook,15.6,1366x768,1.1,4,1TB HDD,Intel,Windows 10,2.1,363.51
427,Apple,MacBook Pro,Ultrabook,13.3,2560x1600,2.3,8,128GB SSD,Intel,macOS,1.37,1339.69
990,Lenovo,Yoga 900S-12ISK,Ultrabook,12.5,2560x1440,1.2,8,512GB SSD,Intel,Windows 10,0.99,1399.0
1043,Dell,Vostro 5568,Notebook,15.6,1920x1080,2.7,8,1TB HDD,Nvidia,Windows 10,1.98,961.0
720,Lenovo,ThinkPad P70,Notebook,17.3,3840x2160,2.7,16,512GB SSD,Nvidia,Windows 7,2.4,2968.0
973,Acer,Aspire A715-71G,Notebook,15.6,1920x1080,2.8,8,256GB SSD,Nvidia,Linux,2.5,979.0
191,Lenovo,Chromebook N23,Netbook,11.6,1366x768,1.6,4,16GB SSD,Intel,Chrome OS,1.25,265.0
96,HP,Omen 17-AN010nv,Gaming,17.3,1920x1080,2.8,16,256GB SSD +  1TB HDD,Nvidia,Windows 10,3.78,1498.0
1233,Lenovo,IdeaPad 320-15IKB,Notebook,15.6,1920x1080,2.7,8,1TB HDD,Nvidia,No OS,2.2,659.01
526,Vero,K146 (N3350/4GB/32GB/W10),Notebook,14.0,1920x1080,1.1,4,32GB Flash Storage,Intel,Windows 10,1.22,202.9
1122,Lenovo,Legion Y720-15IKB,Gaming,15.6,1920x1080,2.8,8,256GB SSD +  1TB HDD,Nvidia,Windows 10,3.2,1399.0
325,HP,250 G6,Notebook,15.6,1366x768,2.0,4,500GB HDD,Intel,No OS,1.86,364.9
315,Lenovo,IdeaPad Y700-15ISK,Notebook,15.6,1920x1080,2.6,8,1TB HDD,Nvidia,Windows 10,2.6,899.0
554,HP,EliteBook 850,Ultrabook,15.6,1920x1080,2.7,8,512GB SSD,Intel,Windows 10,1.84,1389.0
902,HP,EliteBook 850,Ultrabook,15.6,1920x1080,2.5,8,256GB SSD,Intel,Windows 7,1.88,2171.72
890,Dell,Inspiron 3567,Notebook,15.6,1366x768,2.5,8,1TB HDD,Intel,Windows 10,2.14,539.95
697,Lenovo,ThinkPad X270,Ultrabook,12.5,1920x1080,2.5,8,256GB SSD,Intel,Windows 10,1.36,1429.0
709,Asus,Rog Strix,Gaming,15.6,1920x1080,2.8,16,256GB SSD +  1TB HDD,Nvidia,Windows 10,2.2,2449.0
130,MSI,GP62 7RDX,Gaming,15.6,1920x1080,2.8,16,256GB SSD +  1TB HDD,Nvidia,Windows 10,2.4,1294.0
972,Acer,Spin 5,2 in 1 Convertible,13.3,1920x1080,1.6,8,256GB SSD,Intel,Windows 10,1.6,999.0
333,Dell,Alienware 17,Gaming,17.3,1920x1080,2.8,32,1TB SSD +  1TB HDD,Nvidia,Windows 10,4.42,3588.8
1142,Dell,Inspiron 3567,Notebook,15.6,1920x1080,2.5,4,500GB HDD,AMD,Windows 10,2.3,585.0
934,Dell,XPS 13,Ultrabook,13.3,3200x1800,2.5,16,512GB SSD,Intel,Windows 10,1.29,2240.0
520,Dell,Inspiron 5770,Notebook,17.3,1920x1080,1.8,8,128GB SSD +  1TB HDD,AMD,Windows 10,2.8,1142.0
1111,HP,EliteBook 850,Notebook,15.6,1920x1080,2.4,8,256GB SSD +  500GB HDD,Intel,Windows 10,1.84,2103.34
256,Asus,UX510UX-CN269T (i7-7500U/8GB/256GB,Notebook,14.0,1920x1080,2.7,8,256GB SSD +  1TB HDD,Intel,Windows 10,2.0,1334.0
156,Dell,Latitude 5289,2 in 1 Convertible,12.5,1920x1080,2.5,8,256GB SSD,Intel,Windows 10,1.34,1670.0
305,Toshiba,Satellite Pro,Notebook,15.6,1366x768,2.5,8,500GB HDD,Nvidia,Windows 10,2.2,812.0
169,Acer,Chromebook 15,Notebook,15.6,1366x768,1.5,4,16GB SSD,Intel,Chrome OS,2.2,209.0
1254,Dell,Alienware 17,Gaming,17.3,3840x2160,2.8,16,512GB SSD +  1TB HDD,Nvidia,Windows 10,4.36,3154.0
1191,Dell,Inspiron 3567,Notebook,15.6,1920x1080,2.7,8,256GB SSD,AMD,Linux,2.2,749.01
437,Dell,Inspiron 5579,2 in 1 Convertible,15.6,1920x1080,1.8,8,1TB HDD,Intel,Windows 10,2.08,819.0
1177,Lenovo,ThinkPad X1,2 in 1 Convertible,14.0,2560x1440,2.6,16,512GB SSD,Intel,Windows 10,2.8,2440.0
377,Dell,XPS 15,Notebook,15.6,1920x1080,2.8,8,256GB SSD,Nvidia,Windows 10,2.0,1820.0
667,Lenovo,ThinkPad 13,Notebook,13.3,1920x1080,2.5,8,256GB SSD,Intel,Windows 10,1.44,960.0
616,HP,ZBook 17,Workstation,17.3,1920x1080,2.8,8,500GB HDD,Nvidia,Windows 10,3.14,1907.99
1103,Google,Pixelbook (Core,Ultrabook,12.3,2400x1600,1.2,8,256GB SSD,Intel,Chrome OS,1.1,1559.0
2,HP,EliteBook 840,Ultrabook,14.0,1920x1080,2.7,8,512GB SSD,Intel,Windows 10,1.48,2089.0
583,MSI,Leopard GP72M,Gaming,17.3,1920x1080,2.8,8,256GB SSD,Nvidia,Windows 10,2.7,1349.0
1257,Lenovo,Thinkpad T460,Notebook,14.0,1920x1080,2.3,8,256GB SSD,Intel,Windows 10,1.7,1186.0
848,Dell,Vostro 3568,Notebook,15.6,1920x1080,2.5,4,1TB HDD,Intel,Windows 10,2.18,657.0
112,Apple,Macbook Air,Ultrabook,13.3,1440x900,1.8,8,256GB Flash Storage,Intel,macOS,1.34,1158.7
1013,Acer,Aspire A515-51G,Notebook,15.6,1920x1080,1.8,8,256GB SSD,Nvidia,Windows 10,2.2,841.0
1203,Asus,VivoBook Max,Notebook,15.6,1920x1080,2.5,4,256GB SSD,Intel,Linux,2.0,559.0
1166,Dell,Inspiron 5770,Notebook,17.3,1920x1080,1.6,8,128GB SSD +  1TB HDD,AMD,Windows 10,2.8,979.0
435,Lenovo,Thinkpad Yoga,2 in 1 Convertible,14.0,2560x1440,2.7,16,1TB SSD,Intel,Windows 10,1.42,2824.0
633,Asus,VivoBook E403NA,Notebook,14.0,1920x1080,1.1,4,32GB Flash Storage,Intel,Windows 10,1.5,298.0
43,HP,250 G6,Notebook,15.6,1920x1080,2.5,8,1TB HDD,Intel,Windows 10,1.86,639.0
825,Toshiba,Portege X30-D-10X,Notebook,13.3,1920x1080,2.5,4,128GB SSD,Intel,Windows 10,1.05,1285.0
329,Asus,Rog GL702VS-GC095T,Gaming,17.3,1920x1080,2.8,16,256GB SSD +  1TB HDD,Nvidia,Windows 10,2.9,2122.0
602,Lenovo,ThinkPad T570,Notebook,15.6,1920x1080,2.5,8,256GB SSD,Intel,Windows 10,1.95,1390.0
878,Lenovo,Thinkpad X260,Ultrabook,12.5,1366x768,2.3,8,180GB SSD,Intel,Windows 10,1.3,1099.0
70,Lenovo,Thinkpad P71,Notebook,17.3,1920x1080,2.8,8,256GB SSD,Nvidia,Windows 10,3.4,2999.0
770,Dell,Inspiron 7577,Gaming,15.6,1920x1080,2.8,16,128GB SSD +  1TB HDD,Nvidia,Windows 10,2.65,1349.0
965,Dell,Vostro 5568,Notebook,15.6,1920x1080,2.7,8,256GB SSD,Nvidia,Linux,1.98,895.01
570,Acer,Chromebook 14,Notebook,14.0,1366x768,1.6,4,32GB Flash Storage,Intel,Chrome OS,1.45,375.0
282,Lenovo,IdeaPad 100S-14IBR,Notebook,14.0,1366x768,1.6,2,64GB Flash Storage,Intel,Windows 10,1.5,229.0
7,HP,ZBook 15u,Notebook,15.6,1920x1080,2.7,8,1TB HDD,AMD,Windows 10,1.9,1269.0
120,Asus,ZenBook UX430UA,Ultrabook,14.0,1920x1080,1.8,8,256GB SSD,Intel,Windows 10,1.25,1099.0
189,Asus,FX503VM-E4007T (i7-7700HQ/16GB/1TB,Gaming,15.6,1920x1080,2.8,16,128GB SSD +  1TB HDD,Nvidia,Windows 10,2.2,1449.0
301,Asus,ZenBook UX430UN,Ultrabook,14.0,1920x1080,1.8,16,512GB SSD,Nvidia,Windows 10,1.3,1495.0
490,HP,250 G6,Notebook,15.6,1366x768,2.5,4,500GB HDD,Intel,No OS,1.86,393.9
913,Dell,Inspiron 3567,Notebook,15.6,1366x768,2.7,8,1TB HDD,AMD,Linux,2.3,805.99
296,HP,Pavilion X360,2 in 1 Convertible,14.0,1920x1080,2.4,4,128GB SSD,Nvidia,Windows 10,1.63,699.0
1078,HP,EliteBook 840,Notebook,14.0,1920x1080,2.3,4,256GB SSD,Intel,Windows 7,1.54,1099.99
577,Dell,Vostro 3559,Notebook,15.6,1366x768,2.3,4,500GB HDD,AMD,Windows 7,2.24,769.15
452,Lenovo,Yoga Book,2 in 1 Convertible,10.1,1920x1200,1.44,4,64GB Flash Storage,Intel,Android,0.69,549.0
841,HP,EliteBook 820,Ultrabook,12.5,1920x1080,2.5,8,256GB SSD,Intel,Windows 10,1.26,1349.0
356,Dell,Alienware 17,Gaming,17.3,2560x1440,2.9,16,256GB SSD +  1TB HDD,Nvidia,Windows 10,4.42,2799.0
267,Lenovo,IdeaPad 320-15ISK,Notebook,15.6,1366x768,2.0,8,256GB SSD,Nvidia,No OS,2.2,499.0
425,HP,250 G5,Notebook,15.6,1366x768,1.6,4,1TB HDD,Intel,Windows 10,1.96,500.0
465,HP,ZBook Studio,Workstation,15.6,1920x1080,2.7,8,8GB SSD,Nvidia,Windows 10,2.0,2249.0
755,Huawei,MateBook X,Ultrabook,13.0,2160x1440,2.5,8,256GB SSD,Intel,Windows 10,1.05,1349.0
754,Lenovo,Legion Y720-15IKB,Gaming,15.6,1920x1080,2.8,16,512GB SSD +  1TB HDD,Nvidia,Windows 10,3.2,1749.0
598,HP,Probook 440,Notebook,14.0,1366x768,2.4,4,500GB HDD,Intel,Windows 10,1.64,684.0
48,HP,ProBook 450,Notebook,15.6,1920x1080,1.6,8,1TB HDD,Intel,Windows 10,2.1,794.0
434,Acer,Swift 3,Notebook,14.0,1920x1080,2.4,4,128GB SSD,Intel,Windows 10,1.8,636.0
328,Toshiba,Tecra Z50-C-144,Notebook,15.6,1920x1080,2.5,8,256GB SSD,Intel,Windows 10,2.2,1399.0
1051,Samsung,Chromebook 3,Netbook,11.6,1366x768,1.6,4,16GB Flash Storage,Intel,Chrome OS,1.15,269.0
248,Toshiba,Satellite Pro,Notebook,15.6,1366x768,2.2,4,500GB HDD,Intel,Windows 10,2.1,447.0
100,Dell,Latitude 5480,Notebook,14.0,1920x1080,2.5,8,128GB SSD,Intel,Windows 10,1.6,1119.0
575,Lenovo,V110-15ISK (i3-6006U/4GB/1TB/Radeon,Notebook,15.6,1366x768,2.0,4,1TB HDD,AMD,No OS,1.9,368.0
561,Dell,Inspiron 3576,Notebook,15.6,1920x1080,1.6,8,256GB SSD,AMD,Linux,2.2,677.35
814,Lenovo,ThinkPad T560,Notebook,15.6,1920x1080,2.3,8,256GB SSD,Intel,Windows 10,2.3,1349.0
1028,Lenovo,IdeaPad 520S-14IKB,Notebook,14.0,1920x1080,2.7,8,256GB SSD,Intel,No OS,1.7,599.0
453,Lenovo,Legion Y520-15IKBN,Gaming,15.6,1920x1080,2.8,8,128GB SSD +  1TB HDD,Nvidia,Windows 10,2.5,1189.0
68,Dell,Vostro 3568,Notebook,15.6,1366x768,2.0,4,1TB HDD,Intel,Linux,2.18,443.9
729,Dell,Inspiron 7577,Gaming,15.6,1920x1080,2.5,8,1TB HDD,Nvidia,Windows 10,2.65,999.0
759,Toshiba,Tecra Z40-C-12X,Notebook,14.0,1920x1080,2.3,4,128GB SSD,Intel,Windows 10,1.47,1105.0
359,Lenovo,Flex 5,2 in 1 Convertible,14.0,1920x1080,2.5,8,256GB SSD,Intel,Windows 10,1.7,999.0
493,Lenovo,ThinkPad T470s,Ultrabook,14.0,2560x1440,2.7,24,512GB SSD,Intel,Windows 10,1.32,2382.0
692,Apple,MacBook Pro,Ultrabook,15.4,2880x1800,2.8,16,256GB SSD,AMD,macOS,1.83,2439.97
24,MSI,GP72M 7REX,Gaming,17.3,1920x1080,2.8,16,256GB SSD +  1TB HDD,Nvidia,Windows 10,2.7,1492.8
856,Dell,Precision 7520,Workstation,15.6,3840x2160,3.0,16,256GB SSD +  1TB HDD,Nvidia,Windows 10,2.8,3055.0
704,Dell,Inspiron 3552,Notebook,15.6,1366x768,1.6,2,500GB HDD,Intel,Windows 10,2.2,379.0
1171,Lenovo,V110-15ISK (i5-6200U/4GB/500GB/W10),Notebook,15.6,1366x768,2.3,4,500GB HDD,Intel,Windows 10,2.1,540.0
354,Asus,ROG GL703VD-GC028T,Gaming,17.3,1920x1080,2.8,16,256GB SSD +  1TB HDD,Nvidia,Windows 10,2.9,1407.0
590,Dell,Alienware 15,Gaming,15.6,1920x1080,2.8,16,256GB SSD +  1TB HDD,Nvidia,Windows 10,3.21,2774.63
413,Lenovo,V330-15IKB (i5-8250U/4GB/256GB/FHD/W10),Notebook,15.6,1920x1080,1.6,4,256GB SSD,Intel,Windows 10,1.8,829.0
1157,Dell,Inspiron 3567,Notebook,15.6,1920x1080,2.0,4,256GB SSD,AMD,Linux,2.2,485.0
0,Dell,XPS 13,Ultrabook,13.3,3200x1800,2.5,8,256GB SSD,Intel,Windows 10,1.3,1268.0
626,MSI,GP72VR Leopard,Gaming,17.3,1920x1080,2.8,8,128GB SSD +  1TB HDD,Nvidia,Windows 10,2.7,1486.77
677,HP,Probook 440,Notebook,14.0,1920x1080,1.8,8,256GB SSD,Intel,Windows 10,1.63,988.0
637,Dell,Inspiron 5370,Ultrabook,13.3,1920x1080,1.8,8,256GB SSD,AMD,Windows 10,1.4,955.0
1211,HP,ProBook 650,Notebook,15.6,1366x768,2.3,4,500GB HDD,Intel,Windows 10,2.31,705.15
245,Dell,Precision 3520,Workstation,15.6,1920x1080,3.0,8,64GB Flash Storage +  1TB HDD,Nvidia,Windows 10,2.23,1993.0
1094,Lenovo,Yoga 500-14ISK,2 in 1 Convertible,14.0,1920x1080,2.5,4,128GB SSD,Intel,Windows 10,1.8,638.0
388,Dell,XPS 15,Notebook,15.6,1920x1080,2.8,16,512GB SSD,Nvidia,Windows 10,2.06,1899.0
1280,Lenovo,Yoga 910-13IKB,2 in 1 Convertible,13.9,1920x1080,2.7,8,256GB SSD,Intel,Windows 10,1.38,1079.0
593,Acer,Aspire A515-51G-59QF,Notebook,15.6,1920x1080,1.6,4,1TB HDD,Nvidia,Windows 10,2.2,613.0
352,Asus,Rog Strix,Gaming,17.3,1920x1080,3.0,8,256GB SSD +  1TB HDD,AMD,Windows 10,3.2,1299.0
955,Dell,Inspiron 3567,Notebook,15.6,1920x1080,2.0,4,256GB SSD,AMD,Windows 10,2.2,498.9
713,Lenovo,ThinkPad L470,Notebook,14.0,1920x1080,2.5,8,256GB SSD,Intel,Windows 10,1.9,938.0
379,HP,ProBook 450,Notebook,15.6,1920x1080,2.4,8,1TB HDD,Nvidia,Windows 10,2.1,716.0
16,HP,ProBook 430,Notebook,13.3,1920x1080,2.4,4,128GB SSD,Intel,Windows 10,1.49,719.0
1005,HP,EliteBook 850,Notebook,15.6,1920x1080,2.5,8,256GB SSD,Intel,Windows 10,1.84,1228.99
1053,Lenovo,IdeaPad 320-15IAP,Notebook,15.6,1920x1080,1.1,4,128GB SSD,Intel,Windows 10,2.2,349.0
669,Lenovo,Yoga 910-13IKB,2 in 1 Convertible,13.9,1920x1080,2.7,8,256GB SSD,Intel,Windows 10,1.38,1349.0
402,Dell,Inspiron 5567,Notebook,15.6,1920x1080,2.7,16,2TB HDD,AMD,Windows 10,2.32,989.99
849,Apple,"MacBook 12""",Ultrabook,12.0,2304x1440,1.1,8,256GB Flash Storage,Intel,Mac OS X,0.92,1163.0
323,Apple,MacBook Pro,Ultrabook,13.3,2560x1600,3.1,8,256GB SSD,Intel,macOS,1.37,1803.6
615,HP,Chromebook 13,Notebook,13.3,3200x1800,1.5,4,32GB Flash Storage,Intel,Chrome OS,1.29,615.0
389,Lenovo,Thinkpad E570,Notebook,15.6,1920x1080,2.5,8,256GB SSD,Intel,Windows 10,2.3,830.0
1084,Lenovo,ThinkPad E580,Notebook,15.6,1920x1080,1.6,8,256GB SSD +  1TB HDD,AMD,Windows 10,2.1,1144.5
1261,MSI,GE63VR 7RF,Gaming,15.6,1920x1080,2.8,16,256GB SSD +  1TB HDD,Nvidia,Windows 10,2.8,2099.0
562,Dell,Inspiron 5767,Notebook,17.3,1920x1080,2.7,8,1TB HDD,AMD,Linux,2.83,865.0
768,Lenovo,Ideapad 510S-13IKB,Notebook,13.3,1920x1080,2.4,4,128GB SSD,Intel,Windows 10,1.5,549.0
164,Lenovo,Yoga 920-13IKB,2 in 1 Convertible,13.9,3840x2160,1.8,16,512GB SSD,Intel,Windows 10,1.4,2099.0
525,Lenovo,N42-20 Chromebook,Notebook,14.0,1366x768,1.6,4,16GB Flash Storage,Intel,Chrome OS,1.5,325.0
134,Dell,Inspiron 7577,Gaming,15.6,1920x1080,2.8,16,256GB SSD +  1TB HDD,Nvidia,Windows 10,2.65,1499.0
743,Asus,ROG Strix,Gaming,15.6,1920x1080,2.5,8,128GB SSD +  1TB HDD,Nvidia,Windows 10,2.3,1649.0
821,Lenovo,IdeaPad 320-15ISK,Notebook,15.6,1920x1080,2.0,4,128GB SSD,Intel,Windows 10,2.2,499.0
836,Toshiba,Tecra Z50-C-140,Notebook,15.6,1920x1080,2.6,16,256GB SSD,Nvidia,Windows 10,2.4,1975.0
824,Dell,Inspiron 3168,2 in 1 Convertible,11.6,1366x768,1.6,4,500GB HDD,Intel,Windows 10,1.47,479.0
464,Toshiba,Tecra A40-C-1DF,Notebook,14.0,1920x1080,2.3,8,256GB SSD,Intel,Windows 10,1.95,1180.0
410,Dell,Inspiron 5567,Notebook,15.6,1920x1080,2.7,16,256GB SSD,AMD,Windows 10,2.3,1181.27
1302,Lenovo,ThinkPad E580,Notebook,15.6,1920x1080,1.8,8,256GB SSD,AMD,Windows 10,2.1,1229.56
129,HP,Pavilion x360,2 in 1 Convertible,15.6,1366x768,2.5,4,500GB HDD,Intel,Windows 10,2.3,684.8
700,Lenovo,ThinkPad Yoga,2 in 1 Convertible,14.0,1920x1080,2.5,8,256GB SSD,Intel,Windows 10,1.8,1669.0
127,Lenovo,V310-15IKB (i7-7500U/4GB/1TB/FHD/W10),Notebook,15.6,1920x1080,2.7,4,1TB HDD,Intel,Windows 10,1.85,779.0
1228,Asus,ZenBook UX530UQ-PRO,Ultrabook,15.6,1920x1080,2.7,16,512GB SSD,Nvidia,Windows 10,1.63,1468.0
203,Vero,K147 (N3350/4GB/32GB/FHD/W10),Notebook,14.0,1920x1080,1.1,4,32GB Flash Storage,Intel,Windows 10,1.3,260.0
262,HP,Elitebook 820,Ultrabook,12.5,1920x1080,2.7,8,256GB SSD,Intel,Windows 10,1.26,1335.0
883,Dell,Alienware 17,Gaming,17.3,1920x1080,2.6,32,256GB SSD +  1TB HDD,Nvidia,Windows 10,4.42,2800.0
976,Lenovo,ThinkPad T470s,Ultrabook,14.0,1920x1080,2.7,16,512GB SSD,Intel,Windows 10,1.7,2299.0
484,Acer,Predator G9-793,Gaming,17.3,1920x1080,2.8,16,256GB SSD +  1TB HDD,Nvidia,Windows 10,4.2,2599.0
148,Lenovo,Thinkpad T570,Workstation,15.6,3840x2160,2.8,16,512GB SSD,Nvidia,Windows 10,2.3,2445.0
893,HP,15-bs011nv (i7-7500U/4GB/500GB/Radeon,Notebook,15.6,1920x1080,2.7,4,500GB HDD,AMD,Windows 10,2.1,689.0
798,Acer,Aspire 3,Notebook,15.6,1366x768,3.0,4,1TB HDD,AMD,Windows 10,2.1,395.0
219,Asus,VivoBook Flip,2 in 1 Convertible,11.6,1366x768,1.1,4,32GB Flash Storage,Intel,Windows 10,1.5,375.0
969,Lenovo,IdeaPad 320-15IKBN,Notebook,15.6,1920x1080,2.5,8,256GB SSD,Intel,No OS,2.2,549.0
1046,Acer,Aspire E5-576G,Notebook,15.6,1920x1080,2.0,4,1TB HDD,Nvidia,Windows 10,2.23,544.0
252,Dell,Inspiron 7559,Gaming,15.6,1920x1080,2.6,16,1TB HDD,Nvidia,Windows 10,2.59,879.01
796,Lenovo,Yoga 730,2 in 1 Convertible,13.3,1920x1080,1.8,8,512GB SSD,Intel,Windows 10,1.19,1499.0
220,Dell,XPS 15,Notebook,15.6,3840x2160,2.8,32,1TB SSD,Nvidia,Windows 10,2.06,2639.0
882,HP,Probook 470,Notebook,17.3,1920x1080,1.8,16,512GB SSD,Nvidia,Windows 10,2.5,1271.0
1016,MSI,GL62M 7RD,Gaming,15.6,1920x1080,2.5,8,256GB SSD,Nvidia,Windows 10,2.4,1199.0
403,Acer,Aspire 3,Notebook,15.6,1366x768,3.0,4,128GB SSD,AMD,Windows 10,2.1,426.0
292,Lenovo,ThinkPad T470s,Ultrabook,14.0,1920x1080,2.5,8,256GB SSD,Intel,Windows 10,1.32,1799.0
571,Lenovo,ThinkPad T460,Ultrabook,14.0,1920x1080,2.6,8,256GB SSD,Intel,Windows 7,1.7,1499.0
360,Lenovo,IdeaPad 320-15ISK,Notebook,15.6,1920x1080,2.0,4,256GB SSD,Intel,No OS,2.2,444.0
1026,Acer,Aspire 7,Notebook,15.6,1920x1080,2.8,8,1TB HDD,Nvidia,Linux,2.4,779.0
141,Samsung,Notebook 9,Ultrabook,13.3,1920x1080,2.7,8,256GB SSD,Intel,Windows 10,1.31,1599.0
1065,Toshiba,Satellite Pro,Notebook,15.6,1366x768,2.4,4,500GB HDD,Intel,Windows 10,2.0,489.0
471,Dell,Inspiron 5570,Notebook,15.6,1920x1080,1.6,8,256GB SSD,AMD,Windows 10,2.2,797.41
1017,Asus,Rog Strix,Gaming,17.3,1920x1080,2.8,16,256GB SSD +  1TB HDD,Nvidia,Windows 10,2.73,2049.9
600,Dell,Inspiron 3552,Notebook,15.6,1366x768,1.6,4,500GB HDD,Intel,Windows 10,1.8,309.0
1011,Acer,C740-C9QX (3205U/2GB/32GB/Chrome,Netbook,11.6,1366x768,1.5,2,32GB SSD,Intel,Chrome OS,1.3,174.0
643,Asus,Zenbook Flip,Ultrabook,13.3,1920x1080,2.7,16,512GB SSD,Intel,Windows 10,1.1,1748.9
553,Dell,Inspiron 5370,Ultrabook,13.3,1920x1080,1.6,4,256GB SSD,AMD,Windows 10,1.4,818.35
1086,Lenovo,IdeaPad 320-15IAP,Notebook,15.6,1366x768,1.1,4,1TB HDD,Intel,No OS,2.2,359.99
1059,Dell,Vostro 3568,Notebook,15.6,1920x1080,2.5,4,128GB SSD,AMD,Linux,2.18,569.0
288,HP,ProBook 430,Notebook,13.3,1920x1080,1.6,4,128GB SSD,Intel,Windows 10,1.49,726.0
230,HP,15-BA015wm (E2-7110/4GB/500GB/W10),Notebook,15.6,1366x768,1.8,4,500GB HDD,AMD,Windows 10,1.86,297.0
611,HP,Probook 430,Notebook,13.3,1366x768,2.4,4,500GB HDD,Intel,Windows 10,1.49,800.0
911,HP,15-rb013nv (E2-9000e/4GB/500GB/W10),Notebook,15.6,1366x768,1.5,4,500GB HDD,AMD,Windows 10,2.1,330.0
1212,HP,EliteBook 850,Notebook,15.6,1920x1080,2.7,8,256GB SSD,Intel,Windows 10,1.84,1219.0
1139,Lenovo,IdeaPad 310-15IKB,Notebook,15.6,1920x1080,2.7,8,1TB HDD,Nvidia,No OS,2.2,685.0
1226,Dell,Vostro 5468,Notebook,14.0,1920x1080,2.5,8,256GB SSD,Intel,Windows 10,1.6,859.0
418,HP,Spectre 13-V100nv,Notebook,13.3,1920x1080,2.5,8,256GB SSD,Intel,Windows 10,1.11,1149.0
162,Asus,R417NA-RS01 (N3350/4GB/32GB/W10),Notebook,14.0,1366x768,1.1,4,32GB Flash Storage,Intel,Windows 10,1.63,299.0
49,Mediacom,FlexBook Edge,2 in 1 Convertible,11.6,1920x1080,1.1,4,32GB SSD,Intel,Windows 10,1.16,299.0
980,HP,15-bs018nq (i3-6006U/4GB/500GB/FHD/No,Notebook,15.6,1920x1080,2.0,4,500GB HDD,Intel,No OS,2.1,349.0
970,MSI,GT62VR 6RD,Gaming,15.6,1920x1080,2.6,16,256GB SSD +  1TB HDD,Nvidia,Windows 10,2.94,1819.0
367,HP,250 G6,Notebook,15.6,1920x1080,2.5,8,256GB SSD,Intel,Windows 10,1.86,690.0
239,HP,250 G6,Notebook,15.6,1920x1080,2.0,4,500GB HDD,Intel,No OS,1.86,344.99
778,Lenovo,ThinkPad X1,2 in 1 Convertible,14.0,2560x1440,2.5,8,256GB SSD,Intel,Windows 10,1.27,2339.0
17,Dell,Latitude E5570,Notebook,15.6,1366x768,2.3,4,500GB HDD,Intel,Linux,2.09,523.63
784,Dell,Latitude E5270,Ultrabook,12.5,1366x768,2.3,8,256GB SSD,Intel,Windows 7,1.5,1413.1
1121,Asus,ZenBook Flip,2 in 1 Convertible,13.3,1920x1080,1.6,8,256GB SSD,Intel,Windows 10,1.1,1315.0
422,Asus,Vivobook E200HA,Netbook,11.6,1366x768,1.44,2,32GB Flash Storage,Intel,Windows 10,0.98,191.9
1042,HP,Omen 17-w207nv,Gaming,17.3,1920x1080,2.8,12,256GB SSD +  1TB HDD,Nvidia,Windows 10,3.35,1999.0
842,Dell,XPS 15,Notebook,15.6,3840x2160,2.5,8,256GB SSD,Nvidia,Windows 10,2.06,1749.0
1260,Lenovo,V110-15ISK (i3-6006U/4GB/500GB/W10),Notebook,15.6,1366x768,2.0,4,500GB HDD,Intel,Windows 10,2.1,489.9
460,HP,ZBook 17,Workstation,15.6,1920x1080,2.8,8,256GB SSD,Nvidia,Windows 10,3.14,2064.9
985,Asus,X541UV-DM1439T (i3-7100U/6GB/256GB/GeForce,Notebook,15.6,1920x1080,2.4,6,256GB SSD,Nvidia,Windows 10,2.0,577.0
614,MSI,GS60 Ghost,Gaming,15.6,1920x1080,2.6,16,128GB SSD +  1TB HDD,Nvidia,Windows 10,1.91,2153.37
176,Fujitsu,LifeBook A557,Notebook,15.6,1366x768,2.5,8,256GB SSD,Intel,Windows 10,2.2,799.0
167,Microsoft,Surface Laptop,Ultrabook,13.5,2256x1504,2.5,8,256GB SSD,Intel,Windows 10 S,1.25,1340.0
78,Lenovo,IdeaPad 320-15IAP,Notebook,15.6,1920x1080,1.1,4,500GB HDD,Intel,Windows 10,2.2,344.0
1201,Lenovo,Legion Y520-15IKBN,Gaming,15.6,1920x1080,2.8,8,256GB SSD +  1TB HDD,Nvidia,No OS,2.4,1149.0
676,Asus,Rog G701VIK-BA060T,Gaming,17.3,1920x1080,2.9,16,256GB SSD,Nvidia,Windows 10,3.6,2999.0
1131,Asus,Zenbook UX410UA-GV027T,Notebook,14.0,1920x1080,2.5,8,256GB SSD,Intel,Windows 10,2.0,945.0
1220,Lenovo,IdeaPad Y700-15ISK,Gaming,15.6,1920x1080,2.6,8,128GB SSD +  1TB HDD,Nvidia,Windows 10,2.6,1272.0
511,HP,Stream 11-Y000na,Netbook,11.6,1366x768,1.6,2,32GB Flash Storage,Intel,Windows 10,1.17,209.0
1050,Lenovo,IdeaPad 310-15ISK,Notebook,15.6,1920x1080,2.3,6,128GB SSD,Nvidia,Windows 10,2.4,569.0
574,Apple,MacBook Pro,Ultrabook,13.3,2560x1600,2.3,8,256GB SSD,Intel,macOS,1.37,1518.55
1108,Asus,G752VY-GC162T (i7-6700HQ/16GB/1TB,Gaming,17.3,1920x1080,2.6,16,128GB SSD +  1TB HDD,Nvidia,Windows 10,4.3,2299.0
331,Asus,Rog GL753VE-DS74,Gaming,17.3,1920x1080,2.8,16,256GB SSD +  1TB HDD,Nvidia,Windows 10,2.99,1749.0
380,Acer,Aspire 3,Notebook,15.6,1366x768,2.5,4,256GB SSD,Intel,Windows 10,2.1,599.0
94,Asus,ZenBook Flip,2 in 1 Convertible,13.3,1920x1080,2.5,8,256GB SSD,Intel,Windows 10,1.1,1358.0
1091,Lenovo,Thinkpad X1,Ultrabook,14.0,1920x1080,2.7,8,512GB SSD,Intel,Windows 10,1.13,2499.0
533,Toshiba,Satellite Pro,Notebook,15.6,1366x768,2.1,4,128GB SSD,Intel,Windows 10,2.1,498.0
1093,Lenovo,IdeaPad 320-15ISK,Notebook,15.6,1366x768,2.0,4,128GB SSD,Intel,No OS,2.2,369.0
31,HP,Pavilion 15-CK000nv,Ultrabook,15.6,1920x1080,1.8,8,256GB SSD,Nvidia,Windows 10,1.83,699.0
522,Asus,Zenbook UX430UA,Ultrabook,14.0,1920x1080,2.7,8,256GB SSD,Intel,Windows 10,1.25,1049.0
470,Asus,Vivobook Max,Notebook,15.6,1920x1080,1.1,8,128GB SSD,Intel,Windows 10,2.0,581.9
950,Dell,Inspiron 5567,Notebook,15.6,1920x1080,2.7,16,256GB SSD,AMD,Linux,2.36,899.0
1165,Asus,Chromebook Flip,2 in 1 Convertible,12.5,1920x1080,1.2,8,64GB Flash Storage,Intel,Chrome OS,1.2,1159.0
1170,HP,ZBook 17,Workstation,17.3,1920x1080,2.6,8,256GB SSD,Nvidia,Windows 7,3.0,3949.4
735,Dell,Precision 3520,Workstation,15.6,1920x1080,2.7,16,256GB SSD,Nvidia,Windows 10,2.17,1975.0
523,Lenovo,Thinkpad T470,Notebook,14.0,1920x1080,2.7,8,256GB SSD,Intel,Windows 10,1.58,1480.0
681,Lenovo,B51-80 (i5-6200U/8GB/1TB/Radeon,Notebook,15.6,1920x1080,2.3,8,1TB HDD,AMD,No OS,2.32,599.0
694,Samsung,Notebook 9,Ultrabook,13.3,1920x1080,2.7,16,256GB SSD,Intel,Windows 10,0.81,1649.0
728,Apple,"MacBook 12""",Ultrabook,12.0,2304x1440,1.2,8,256GB SSD,Intel,macOS,0.92,1262.4
932,HP,ProBook 470,Notebook,17.3,1920x1080,1.6,8,1TB HDD,Nvidia,Windows 10,2.5,896.0
873,Asus,FX553VD-FY647T (i7-7700HQ/8GB/256GB/GeForce,Gaming,15.6,1920x1080,2.8,8,256GB SSD,Nvidia,Windows 10,2.5,999.0
144,HP,ProBook 470,Notebook,17.3,1920x1080,1.6,8,1TB HDD,Nvidia,Windows 10,2.5,914.0
378,Lenovo,IdeaPad 310-15IKB,Notebook,15.6,1920x1080,2.5,6,1TB HDD,Intel,Windows 10,2.4,564.0
982,HP,15-bs015dx (i5-7200U/8GB/1TB/W10),Notebook,15.6,1366x768,2.5,8,1TB HDD,Intel,Windows 10,2.04,559.0
341,Lenovo,IdeaPad 320-15IKB,Notebook,15.6,1920x1080,2.7,4,1TB HDD,Nvidia,Windows 10,2.2,799.0
311,Asus,Rog Strix,Gaming,17.3,1920x1080,3.0,16,256GB SSD +  1TB HDD,AMD,Windows 10,3.2,1549.0
953,HP,ProBook 470,Notebook,17.3,1600x900,2.5,8,1TB HDD,Nvidia,Windows 10,2.63,910.0
232,HP,15-ay047nv (i3-6006U/6GB/1TB/Radeon,Notebook,15.6,1920x1080,2.0,6,1TB HDD,AMD,Windows 10,2.04,539.0
983,Lenovo,V110-15IAP (N3350/4GB/128GB/No,Notebook,15.6,1366x768,1.1,4,128GB SSD,Intel,No OS,1.9,270.62
165,Lenovo,IdeaPad 300-17ISK,Notebook,17.3,1600x900,2.3,8,1.0TB HDD,AMD,Windows 10,3.0,659.0
538,Lenovo,V310-15IKB (i5-7200U/4GB/1TB/FHD/W10),Notebook,15.6,1920x1080,2.5,4,1TB HDD +  1TB HDD,Intel,Windows 10,2.1,621.45
1096,HP,ProBook 430,Notebook,13.3,1920x1080,1.6,8,512GB SSD,Intel,Windows 10,1.49,959.0
449,Asus,ZenBook Flip,2 in 1 Convertible,13.3,1920x1080,1.8,8,512GB SSD +  512GB SSD,Intel,Windows 10,1.1,1499.0
1290,HP,17-BS037cl (i3-6006U/8GB/1TB/W10),Notebook,17.3,1600x900,2.0,8,1TB HDD,Intel,Windows 10,2.54,489.0
665,Lenovo,V110-15IAP (N3350/4GB/1TB/No,Notebook,15.6,1366x768,1.1,4,1TB HDD,Intel,No OS,1.9,252.36
693,Lenovo,V310-15IKB (i5-7200U/8GB/1TB,Notebook,15.6,1920x1080,2.5,8,128GB SSD +  1TB HDD,AMD,Windows 10,1.9,813.0
270,Dell,Inspiron 3567,Notebook,15.6,1366x768,2.0,4,1TB HDD,AMD,Windows 10,2.2,545.67
519,HP,Omen 15-AX205na,Gaming,15.6,1920x1080,2.8,8,128GB SSD +  1TB HDD,Nvidia,Windows 10,2.2,1099.0
710,Lenovo,ThinkPad X270,Ultrabook,12.5,1920x1080,2.6,8,256GB SSD,Intel,Windows 10,1.36,1760.0
236,HP,ProBook 440,Notebook,14.0,1920x1080,1.6,8,256GB SSD,Intel,Windows 10,1.63,860.0
1194,Dell,Inspiron 3576,Notebook,15.6,1920x1080,1.8,8,256GB SSD,AMD,Linux,2.14,735.07
1075,Vero,V142 (X5-Z8350/2GB/32GB/W10),Notebook,14.0,1366x768,1.44,2,32GB Flash Storage,Intel,Windows 10,1.45,210.8
498,HP,Omen -,Gaming,17.3,1920x1080,2.3,8,128GB SSD +  1TB HDD,Nvidia,Windows 10,3.35,1129.0
135,Asus,ZenBook UX510UX-CN211T,Notebook,15.6,1920x1080,2.7,8,256GB SSD +  1TB HDD,Intel,Windows 10,2.0,1224.0
1241,Lenovo,IdeaPad 320-17IKB,Notebook,17.3,1600x900,2.5,6,1TB HDD,Nvidia,Windows 10,2.8,649.0
67,HP,EliteBook 820,Ultrabook,12.5,1920x1080,2.3,4,500GB HDD,Intel,Windows 10,1.26,1579.0
964,Asus,A541NA-GO342 (N3350/4GB/500GB/Linux),Notebook,15.6,1366x768,1.1,4,500GB HDD,Intel,Linux,2.0,224.0
39,Dell,Inspiron 5567,Notebook,15.6,1920x1080,2.7,8,256GB SSD,AMD,Windows 10,2.33,899.0
703,HP,15-BS103nv (i5-8250U/6GB/256GB/Radeon,Notebook,15.6,1920x1080,1.6,6,256GB SSD,AMD,Windows 10,1.91,619.0
568,Dell,Latitude 7280,Ultrabook,12.5,1920x1080,2.5,8,256GB SSD,Intel,Windows 10,1.36,1472.2
563,Lenovo,ThinkPad T470s,Ultrabook,14.0,1920x1080,2.5,8,256GB SSD,Intel,Windows 10,1.32,1499.0
591,Lenovo,Yoga 510-15IKB,2 in 1 Convertible,15.6,1920x1080,2.5,8,256GB SSD,AMD,Windows 10,2.08,959.0
921,Dell,Inspiron 5570,Notebook,15.6,1920x1080,1.8,8,128GB SSD +  2TB HDD,AMD,Windows 10,2.2,985.0
481,Asus,FX753VE-GC093 (i7-7700HQ/12GB/1TB/GeForce,Gaming,17.3,1920x1080,2.8,12,1TB HDD,Nvidia,Linux,3.0,949.0
1140,Toshiba,Tecra A50-D-11M,Notebook,15.6,1920x1080,2.5,8,500GB HDD,Intel,Windows 10,2.0,1064.0
249,Dell,Precision M5520,Workstation,15.6,1920x1080,2.8,8,256GB SSD,Nvidia,Windows 10,1.78,2408.0
510,Acer,Swift 3,Ultrabook,14.0,1920x1080,1.8,8,256GB SSD,Intel,Windows 10,1.6,884.0
455,Dell,Inspiron 3567,Notebook,15.6,1366x768,2.4,8,1TB HDD,Intel,Windows 10,2.3,469.01
767,Toshiba,Portege X20W-D-10V,Ultrabook,12.5,1920x1080,2.7,8,512GB SSD,Intel,Windows 10,1.1,1790.0
225,Lenovo,V110-15ISK (i3-6006U/4GB/128GB/W10),Notebook,15.6,1366x768,2.0,4,128GB SSD,Intel,Windows 10,2.1,429.0
963,Dell,Latitude 3380,Notebook,13.3,1366x768,2.0,4,500GB HDD,Intel,Windows 10,1.65,849.0
208,Lenovo,Yoga 500-14ISK,2 in 1 Convertible,14.0,1920x1080,2.5,4,128GB SSD,Intel,Windows 10,1.8,638.0
150,Asus,VivoBook Max,Notebook,15.6,1366x768,2.5,4,256GB SSD,Intel,Windows 10,2.0,586.19
850,HP,ProBook 440,Notebook,15.6,1366x768,2.0,4,128GB SSD,Intel,Windows 10,1.63,689.0
196,Lenovo,Yoga 720-13IKB,2 in 1 Convertible,13.3,1920x1080,2.5,8,256GB SSD,Intel,Windows 10,1.3,1034.0
1031,HP,ProBook 450,Notebook,15.6,1920x1080,2.4,4,500GB HDD,Intel,Windows 10,2.04,685.0
597,MSI,GS40 Phantom,Gaming,14.0,1920x1080,2.6,16,256GB SSD +  1TB HDD,Nvidia,Windows 10,1.7,1769.0
105,HP,ProBook 450,Notebook,15.6,1366x768,2.5,8,1TB HDD,Nvidia,Windows 10,2.04,846.5
646,Lenovo,IdeaPad 320-15ISK,Notebook,15.6,1920x1080,2.0,4,500GB HDD,Intel,Windows 10,2.2,409.0
843,Asus,X541NA-GO121 (N4200/4GB/1TB/Linux),Notebook,15.6,1366x768,1.1,4,1TB HDD,Intel,Linux,2.0,398.99
303,Dell,Inspiron 5379,2 in 1 Convertible,13.3,1920x1080,1.8,8,256GB SSD,Intel,Windows 10,1.62,869.01
1,Dell,Latitude 3570,Notebook,15.6,1366x768,2.3,4,500GB HDD,Intel,Windows 10,2.06,481.98
815,Dell,Inspiron 3567,Notebook,15.6,1366x768,2.4,6,1TB HDD,Intel,Windows 10,2.3,459.0
444,Asus,ZenBook Flip,2 in 1 Convertible,13.3,1920x1080,2.5,8,256GB SSD,Intel,Windows 10,1.27,928.0
1149,Lenovo,ThinkPad 13,Notebook,13.3,1920x1080,2.4,8,256GB SSD,Intel,Windows 10,1.4,949.0
678,HP,Envy 17-U275cl,Notebook,17.3,1920x1080,1.8,16,1TB HDD,Nvidia,Windows 10,2.9,1059.0
271,Lenovo,IdeaPad 500-15ISK,Notebook,15.6,1920x1080,2.5,16,1.0TB Hybrid,AMD,Windows 10,2.5,1099.0
607,MSI,GS63VR 7RF,Gaming,15.6,1920x1080,2.8,16,256GB SSD +  1TB HDD,Nvidia,Windows 10,1.8,2094.48
731,Dell,XPS 15,Notebook,15.6,3840x2160,2.8,16,512GB SSD,Nvidia,Windows 10,2.06,2397.0
642,Asus,FX753VD-GC071T (i7-7700HQ/8GB/1TB/GeForce,Gaming,17.3,1920x1080,2.8,8,1TB HDD,Nvidia,Windows 10,3.0,1187.0
121,Dell,Inspiron 7577,Gaming,15.6,1920x1080,2.5,8,256GB SSD,Nvidia,Windows 10,2.65,1195.0
499,Asus,FX753VD-GC086T (i5-7300HQ/8GB/1TB,Gaming,17.3,1920x1080,2.5,8,128GB SSD +  1TB HDD,Nvidia,Windows 10,3.0,938.0
997,Asus,X556UJ-XO044T (i7-6500U/4GB/500GB/GeForce,Notebook,15.6,1366x768,2.5,4,500GB HDD,Nvidia,Windows 10,2.2,720.32
1270,Dell,Inspiron 5577,Gaming,15.6,1920x1080,2.5,8,1TB HDD,Nvidia,Windows 10,2.56,819.0
1301,Dell,Latitude 3580,Notebook,15.6,1920x1080,2.5,8,1TB HDD,Intel,Windows 10,2.06,955.0
344,Dell,Inspiron 7567,Gaming,15.6,3840x2160,2.8,8,128GB SSD +  1TB HDD,Nvidia,Windows 10,2.62,1498.0
748,Dell,XPS 15,Notebook,15.6,3840x2160,2.8,16,1TB SSD,Nvidia,Windows 10,2.06,2399.0
786,HP,17-BS092ND (i3-6006U/8GB/256GB/W10),Notebook,17.3,1600x900,2.0,8,256GB SSD,Intel,Windows 10,2.5,639.9
163,Lenovo,Legion Y520-15IKBN,Gaming,15.6,1920x1080,2.5,8,1TB HDD,Nvidia,Windows 10,2.4,819.0
187,Asus,Pro P2540UA-AB51,Notebook,15.6,1920x1080,2.5,8,1TB HDD,Intel,Windows 10,2.37,749.0
550,Dell,Vostro 3568,Notebook,15.6,1366x768,2.0,4,500GB HDD,Intel,Windows 10,2.29,490.0
696,HP,255 G6,Notebook,15.6,1366x768,2.5,4,256GB SSD,AMD,Windows 10,1.86,369.0
1294,HP,250 G6,Notebook,15.6,1366x768,2.5,4,500GB HDD,Intel,Windows 10,1.86,485.0
1113,Asus,ZenBook Pro,Ultrabook,15.6,1920x1080,2.8,16,512GB SSD,Nvidia,Windows 10,1.8,1983.0
1186,HP,Chromebook X360,2 in 1 Convertible,11.6,1366x768,1.1,4,32GB Flash Storage,Intel,Chrome OS,1.4,615.0
174,Dell,Latitude 5580,Notebook,15.6,1920x1080,2.6,16,512GB SSD,Intel,Windows 10,1.93,1426.66
1195,HP,Spectre Pro,2 in 1 Convertible,13.3,1920x1080,2.4,8,256GB SSD,Intel,Windows 10,1.48,1629.0
576,Acer,Aspire ES1-572,Notebook,15.6,1366x768,2.0,4,500GB HDD,Intel,Windows 10,2.4,410.8
57,HP,250 G6,Notebook,15.6,1920x1080,1.6,4,256GB SSD,Intel,Windows 10,1.86,398.99
569,Toshiba,Portege A30-C-1CZ,Notebook,13.3,1366x768,2.3,8,256GB SSD,Intel,Windows 10,1.5,1210.0
10,Asus,Rog GL702VM-GC017T,Gaming,17.3,1920x1080,2.6,16,512GB SSD +  1TB HDD,Nvidia,Windows 10,2.73,1799.0
1038,Dell,Inspiron 5770,Notebook,17.3,1920x1080,1.8,8,128GB SSD +  1TB HDD,AMD,Linux,2.8,1099.0
699,Lenovo,IdeaPad 320-14IAP,Notebook,14.0,1366x768,1.1,4,500GB HDD,Intel,Windows 10,2.1,299.0
458,HP,EliteBook 840,Notebook,14.0,1366x768,2.4,4,256GB SSD,Intel,Windows 10,1.48,1099.99
244,MSI,GL72M 7REX,Gaming,17.3,1920x1080,2.8,8,256GB SSD +  1TB HDD,Nvidia,Windows 10,2.7,1199.0
738,HP,Stream 11-Y000na,Netbook,11.6,1366x768,1.6,2,32GB Flash Storage,Intel,Windows 10,1.17,209.0
37,Dell,Inspiron 3567,Notebook,15.6,1366x768,2.4,6,1TB HDD,Intel,Windows 10,2.3,459.0
732,HP,15-bs053od (i7-7500U/6GB/1TB/W10),Notebook,15.6,1366x768,2.7,6,1TB HDD,Intel,Windows 10,2.04,579.0
1173,Lenovo,ThinkPad E480,Notebook,14.0,1920x1080,1.6,8,256GB SSD,AMD,Windows 10,1.75,1116.02
113,HP,ProBook 470,Notebook,17.3,1920x1080,2.7,8,256GB SSD,Nvidia,Windows 10,2.63,1200.0
1146,Dell,Inspiron 5570,Notebook,15.6,1920x1080,1.8,8,256GB SSD +  2TB HDD,AMD,Windows 10,2.02,1142.4
1100,Acer,Aspire F5-573G,Notebook,15.6,1920x1080,2.5,8,256GB SSD +  1TB HDD,Nvidia,Windows 10,2.4,799.0
407,Lenovo,IdeaPad 510s-14IKB,Notebook,14.0,1920x1080,2.7,8,512GB SSD,AMD,No OS,1.5,799.0
1256,HP,Noteb Pav,Notebook,15.6,1920x1080,2.7,8,1TB HDD,Nvidia,Windows 10,1.91,979.0
269,Dell,Vostro 3559,Notebook,15.6,1366x768,2.3,4,500GB HDD,Intel,Windows 7,2.24,737.0
404,Acer,Aspire ES1-531,Notebook,15.6,1366x768,1.6,4,500GB HDD,Intel,Linux,2.4,289.0
897,Lenovo,ThinkPad E480,Notebook,14.0,1920x1080,1.6,8,256GB SSD,Intel,Windows 10,1.75,1049.0
436,HP,ProBook 650,Workstation,15.6,1920x1080,2.9,8,512GB SSD,Intel,Windows 10,2.31,1534.0
717,Asus,VivoBook S15,Ultrabook,15.6,1920x1080,2.5,8,256GB SSD,Nvidia,Windows 10,1.7,977.0
595,Dell,Inspiron 3552,Notebook,15.6,1366x768,1.6,4,500GB HDD,Intel,Linux,2.2,324.0
276,Asus,ZenBook UX310UA-WB71,Ultrabook,13.3,1920x1080,2.5,8,256GB SSD,Intel,Windows 10,1.45,1280.0
812,Google,Pixelbook (Core,Ultrabook,12.3,2400x1600,1.3,16,512GB SSD,Intel,Chrome OS,1.1,2199.0
497,Dell,Inspiron 3552,Notebook,15.6,1366x768,1.6,4,500GB HDD,Intel,Linux,2.2,274.9
85,Dell,Inspiron 5770,Notebook,17.3,1920x1080,1.6,8,128GB SSD +  1TB HDD,AMD,Linux,2.8,889.0
557,HP,ProBook 470,Notebook,17.3,1920x1080,1.6,8,128GB SSD +  1TB HDD,Nvidia,Windows 10,2.5,977.0
757,Lenovo,Thinkpad E570,Notebook,15.6,1920x1080,2.5,8,256GB SSD,Nvidia,Windows 10,2.3,1011.99
564,Dell,Inspiron 5567,Notebook,15.6,1920x1080,2.5,8,256GB SSD,AMD,Windows 10,2.36,889.0
895,Acer,Aspire E5-576G,Notebook,15.6,1920x1080,2.5,4,1TB HDD,Nvidia,Windows 10,2.23,616.0
365,HP,Elitebook 820,Ultrabook,12.5,1366x768,2.5,4,256GB SSD,Intel,Windows 10,1.26,1559.0
769,Lenovo,ThinkPad T460,Notebook,14.0,1920x1080,2.3,8,180GB SSD,Intel,Windows 7,1.7,1199.0
324,Acer,Spin 5,2 in 1 Convertible,13.3,1920x1080,1.6,8,256GB SSD,Intel,Windows 10,1.5,847.0
844,Samsung,Notebook 9,Ultrabook,13.3,1920x1080,2.5,8,256GB SSD,Intel,Windows 10,0.81,1499.0
924,Dell,Inspiron 5570,Notebook,15.6,1920x1080,1.8,8,256GB SSD,AMD,Windows 10,2.2,919.0
221,MSI,GE72MVR 7RG,Gaming,17.3,1920x1080,2.8,16,256GB SSD +  1TB HDD,Nvidia,Windows 10,2.9,2029.0
348,Dell,XPS 13,Ultrabook,13.3,3840x2160,1.8,8,256GB SSD,Intel,Windows 10,1.21,1949.0
229,Acer,Aspire 3,Notebook,15.6,1366x768,3.0,6,1TB HDD,AMD,Windows 10,2.1,409.0
168,Dell,Vostro 5568,Notebook,15.6,1920x1080,2.5,8,256GB SSD,Intel,Windows 10,2.18,795.0
74,Apple,MacBook Pro,Ultrabook,15.4,2880x1800,2.7,16,512GB SSD,AMD,macOS,1.83,2537.45
405,Lenovo,Legion Y520-15IKBN,Gaming,15.6,1920x1080,2.8,16,512GB SSD,Nvidia,Windows 10,2.4,1199.0
760,Lenovo,V330-15IKB (i5-8250U/8GB/256GB/FHD/W10),Notebook,15.6,1920x1080,1.6,8,256GB SSD,Intel,Windows 10,2.05,739.0
941,HP,Spectre x360,2 in 1 Convertible,13.3,3840x2160,1.6,8,256GB SSD,Intel,Windows 10,1.29,1499.0
868,Dell,Alienware 15,Gaming,15.6,1920x1080,2.9,16,256GB SSD +  1TB HDD,Nvidia,Windows 10,3.49,2813.75
65,Lenovo,IdeaPad 310-15IKB,Notebook,15.6,1920x1080,2.5,4,1TB HDD,Nvidia,Windows 10,2.4,609.0
314,MSI,GE62 Apache,Gaming,15.6,1920x1080,2.6,8,128GB SSD +  1TB HDD,Nvidia,Windows 10,2.4,1229.0
1034,Lenovo,IdeaPad 520s-14IKB,Notebook,14.0,1920x1080,2.5,4,256GB SSD,Intel,Windows 10,1.7,699.0
1114,Dell,Inspiron 5577,Gaming,15.6,1920x1080,2.8,8,128GB SSD +  1TB HDD,Nvidia,Windows 10,2.56,1060.49
1175,Lenovo,ThinkPad T570,Notebook,15.6,1920x1080,2.7,8,512GB SSD,Intel,Windows 10,1.99,1729.0
321,Lenovo,V110-15ISK (i5-6200U/4GB/128GB/W10),Notebook,15.6,1366x768,2.3,4,128GB SSD,Intel,Windows 10,2.1,493.0
467,HP,EliteBook 840,Notebook,14.0,1920x1080,2.3,4,500GB HDD,Intel,Windows 10,1.54,1000.0
1022,Dell,XPS 13,Ultrabook,13.3,3840x2160,1.8,16,1TB SSD,Intel,Windows 10,1.21,2499.0
629,Lenovo,Ideapad 320-15IKBN,Notebook,15.6,1920x1080,2.5,6,256GB SSD,Intel,Windows 10,2.2,579.0
433,Lenovo,Legion Y520-15IKBN,Gaming,15.6,1920x1080,2.8,8,128GB SSD +  1TB HDD,Nvidia,Windows 10,2.5,1048.0
1169,Lenovo,Yoga 900-13ISK,2 in 1 Convertible,13.3,3200x1800,2.5,16,512GB SSD,Intel,Windows 10,1.3,1499.0
741,Dell,XPS 13,Ultrabook,13.3,3200x1800,2.7,8,256GB SSD,Intel,Windows 10,1.29,1477.0
131,Asus,FX550IK-DM018T (FX-9830P/8GB/1TB/Radeon,Gaming,15.6,1920x1080,3.0,8,1TB HDD,AMD,Windows 10,2.45,699.0
1035,Asus,X541NA (N3350/4GB/1TB/FHD/W10),Notebook,15.6,1920x1080,1.1,4,1TB HDD,Intel,Windows 10,2.0,344.0
1130,Dell,Latitude 5580,Notebook,15.6,1366x768,2.5,4,500GB HDD,Intel,Windows 10,1.9,825.0
787,Asus,Rog GL702VM-GC354T,Gaming,17.3,1920x1080,2.8,8,256GB SSD +  1TB HDD,Nvidia,Windows 10,2.7,1599.0
1092,Asus,VivoBook X540YA-XX519T,Notebook,15.6,1366x768,1.8,4,500GB HDD,AMD,Windows 10,2.0,349.0
1058,Acer,Aspire F5-573G-510L,Notebook,15.6,1920x1080,2.5,12,128GB SSD +  1TB HDD,Nvidia,Windows 10,2.4,1009.0
1132,HP,15-AC110nv (i7-6500U/6GB/1TB/Radeon,Notebook,15.6,1366x768,2.5,6,1TB HDD,AMD,Windows 10,2.19,764.0
335,Asus,Rog GL502VS,Gaming,15.6,1920x1080,2.6,16,256GB SSD +  1TB HDD,Nvidia,Windows 10,2.34,2325.0
847,Lenovo,IdeaPad 320-17IKB,Notebook,17.3,1600x900,2.5,4,1TB HDD,Nvidia,Windows 10,2.79,589.0
999,Lenovo,Thinkpad X1,Ultrabook,14.0,2560x1440,2.7,8,512GB SSD,Intel,Windows 10,1.13,2282.0
1275,Acer,TravelMate P238-M,Notebook,13.3,1366x768,2.3,4,128GB SSD,Intel,Windows 10,1.6,655.0
1079,Microsoft,Surface Laptop,Ultrabook,13.5,2256x1504,2.2,4,128GB SSD,Intel,Windows 10 S,1.25,989.0
3,HP,EliteBook x360,2 in 1 Convertible,13.3,1920x1080,2.5,4,256GB SSD,Intel,Windows 10,1.28,1700.0
107,Lenovo,IdeaPad 320-15IAP,Notebook,15.6,1366x768,1.1,4,1TB HDD,Intel,Windows 10,2.2,309.0
119,Lenovo,IdeaPad 110-15ISK,Notebook,15.6,1366x768,2.3,8,1TB HDD,Intel,Windows 10,2.29,459.0
393,HP,Pavilion 15-cb003nv,Gaming,15.6,1920x1080,2.8,8,1TB HDD,Nvidia,Windows 10,2.62,899.0
1120,Lenovo,IdeaPad Y700-15ISK,Notebook,15.6,1920x1080,2.6,8,1TB HDD,Nvidia,Windows 10,2.6,899.0
58,Dell,XPS 13,Ultrabook,13.3,1920x1080,1.6,8,256GB SSD,Intel,Windows 10,1.23,1399.0
594,Apple,MacBook Pro,Ultrabook,13.3,2560x1600,2.9,8,512GB SSD,Intel,macOS,1.37,1958.9
864,Dell,Vostro 5568,Notebook,15.6,1920x1080,2.5,8,1TB HDD,Intel,Windows 10,2.18,836.0
11,Lenovo,IdeaPad 100S-14IBR,Notebook,14.0,1366x768,1.6,2,32GB Flash Storage,Intel,Windows 10,1.42,249.0
274,HP,Probook 440,Notebook,14.0,1366x768,2.5,4,500GB HDD,Intel,Windows 10,1.64,779.0
442,Dell,XPS 13,Ultrabook,13.3,1920x1080,2.7,8,256GB SSD,Intel,Windows 10,1.29,1458.0
686,Dell,Inspiron 5567,Notebook,15.6,1366x768,2.0,4,128GB SSD,AMD,Windows 10,2.3,499.0
1243,Dell,XPS 13,Ultrabook,13.3,1920x1080,2.5,8,256GB SSD,Intel,Windows 10,1.29,1499.0
406,Dell,Vostro 3568,Notebook,15.6,1366x768,2.4,4,1TB HDD,Intel,Windows 10,2.18,586.6
30,HP,250 G6,Notebook,15.6,1366x768,1.6,4,500GB HDD,Intel,No OS,1.86,259.0
1039,Acer,Predator 17,Gaming,17.3,1920x1080,2.6,16,128GB SSD +  1TB HDD,Nvidia,Windows 10,4.2,1935.0
1144,Asus,ROG G701VI,Gaming,17.3,1920x1080,2.7,32,512GB SSD,Nvidia,Windows 10,3.8,2799.0
429,Xiaomi,Mi Notebook,Ultrabook,13.3,1920x1080,2.3,8,256GB SSD,Nvidia,Windows 10,1.28,935.0
320,MSI,GT80S 6QF-074US,Gaming,18.4,1920x1080,2.9,32,512GB SSD +  1TB HDD,Nvidia,Windows 10,4.4,2799.0
664,Acer,Chromebook C910-C2ST,Notebook,15.6,1366x768,1.5,2,16GB SSD,Intel,Chrome OS,2.19,199.0
1008,Lenovo,IdeaPad 320-15AST,Notebook,15.6,1920x1080,2.5,4,128GB SSD,AMD,Windows 10,2.2,399.0
698,HP,250 G4,Notebook,15.6,1366x768,2.3,4,500GB HDD,Intel,No OS,2.1,476.99
340,Dell,Inspiron 5577,Gaming,15.6,1920x1080,2.5,8,256GB SSD,Nvidia,Windows 10,2.56,879.0
1244,HP,ProBook 430,Notebook,13.3,1920x1080,1.6,4,500GB HDD,Intel,Windows 10,1.49,675.0
916,Toshiba,Tecra Z40-C-161,Ultrabook,14.0,1920x1080,2.6,16,512GB SSD,Nvidia,Windows 10,1.47,1764.0
387,HP,EliteBook x360,2 in 1 Convertible,13.3,1920x1080,2.8,16,256GB SSD,Intel,Windows 10,1.28,1975.0
101,Dell,Inspiron 3567,Notebook,15.6,1366x768,2.4,6,1TB HDD,Intel,Windows 10,2.3,459.0
177,Lenovo,Legion Y520-15IKBN,Gaming,15.6,1920x1080,2.8,8,128GB SSD +  1TB HDD,Nvidia,Windows 10,2.5,1249.0
680,Acer,Aspire E5-576G,Notebook,15.6,1920x1080,2.7,8,256GB SSD,Nvidia,Windows 10,2.2,832.0
414,Dell,XPS 13,Ultrabook,13.3,3840x2160,1.6,8,128GB SSD,Intel,Windows 10,1.21,1599.0
1019,Acer,Nitro 5,Gaming,15.6,1920x1080,2.8,8,128GB SSD +  1TB HDD,Nvidia,Windows 10,2.7,1260.0
390,Lenovo,IdeaPad 320-15IKBN,Notebook,15.6,1366x768,2.5,8,2TB HDD,Nvidia,No OS,2.2,549.0
959,MSI,GS73VR 7RG,Gaming,17.3,1920x1080,2.8,16,256GB SSD +  2TB HDD,Nvidia,Windows 10,2.43,2449.0
447,Samsung,Notebook 9,Ultrabook,15.0,1920x1080,2.7,8,256GB SSD,Intel,Windows 10,1.17,1699.0
1090,Lenovo,ThinkPad E570,Notebook,15.6,1366x768,2.0,4,128GB SSD,Intel,Windows 10,2.3,565.0
216,Lenovo,V310-15ISK (i5-7200U/8GB/1TB,Notebook,15.6,1920x1080,2.5,8,128GB SSD +  1TB HDD,AMD,Windows 10,1.9,817.95
852,Lenovo,IdeaPad 320-15IKBN,Notebook,15.6,1920x1080,2.5,4,128GB SSD,Intel,No OS,2.2,468.0
1141,Dell,Inspiron 7567,Gaming,15.6,1920x1080,2.8,8,1TB HDD,Nvidia,Windows 10,2.62,1199.0
952,Dell,Inspiron 5570,Ultrabook,15.6,1920x1080,1.6,8,1TB HDD,AMD,Windows 10,1.9,663.0
1284,Lenovo,ThinkPad E470,Notebook,14.0,1920x1080,2.5,4,500GB HDD,Intel,Windows 10,1.87,785.0
450,Asus,ROG G752VSK-GC493T,Gaming,17.3,1920x1080,2.8,16,256GB SSD +  1TB HDD,Nvidia,Windows 10,4.3,1799.0
691,HP,ProBook 440,Notebook,14.0,1920x1080,2.5,8,256GB SSD,Nvidia,Windows 10,1.64,1049.26
830,HP,17-bs001nv (i5-7200U/6GB/2TB/Radeon,Notebook,17.3,1920x1080,2.5,6,2TB HDD,AMD,Windows 10,2.71,699.0
832,Toshiba,Satellite Pro,Notebook,13.3,1920x1080,2.5,8,256GB SSD,Intel,Windows 10,1.5,973.0
683,HP,Probook 650,Notebook,15.6,1920x1080,2.3,8,256GB SSD,Intel,Windows 10,2.31,1165.0
1183,Asus,X541NA-GO020T (N3350/4GB/1TB/W10),Notebook,15.6,1366x768,1.1,4,1TB HDD,Intel,Windows 10,2.0,339.0
103,HP,Probook 640,Notebook,14.0,1920x1080,2.3,8,256GB SSD,Intel,Windows 7,1.95,1195.0
123,Acer,Swift 7,Ultrabook,13.3,1920x1080,1.2,8,256GB SSD,Intel,Windows 10,1.12,989.0
670,Dell,Inspiron 7567,Gaming,15.6,1920x1080,2.5,8,1.0TB Hybrid,Nvidia,Windows 10,2.65,949.0
56,Mediacom,SmartBook Edge,Notebook,13.3,1920x1080,1.1,4,32GB SSD,Intel,Windows 10,1.2,369.0
1119,Toshiba,Tecra A40-C-1KF,Notebook,14.0,1366x768,2.3,4,500GB HDD,Intel,Windows 10,1.75,915.0
749,Asus,VivoBook Pro,Gaming,15.6,1920x1080,2.8,8,128GB SSD +  1TB HDD,Nvidia,Windows 10,1.99,1350.0
604,HP,15-bw003nv (A9-Series-9420/4GB/256GB/FHD/W10),Notebook,15.6,1920x1080,3.0,4,256GB SSD,AMD,Windows 10,1.91,488.99
242,Dell,Inspiron 5570,Notebook,15.6,1920x1080,1.6,8,128GB SSD +  1TB HDD,AMD,Windows 10,2.2,719.0
284,Lenovo,IdeaPad 310-15IKB,Ultrabook,15.6,1920x1080,2.7,6,256GB SSD,Nvidia,Windows 10,1.54,831.0
988,HP,EliteBook 820,Ultrabook,12.5,1366x768,2.3,4,256GB SSD,Intel,Windows 10,1.26,1244.0
275,Dell,XPS 13,Ultrabook,13.3,1920x1080,2.4,8,256GB SSD,Intel,Windows 10,1.23,1379.0
1012,Lenovo,ThinkPad T570,Notebook,15.6,1920x1080,2.5,8,512GB SSD,Intel,Windows 10,1.95,1962.99
774,Dell,Inspiron 5570,Notebook,15.6,1920x1080,1.6,8,2TB HDD,AMD,Windows 10,2.02,759.0
588,Dell,XPS 13,Ultrabook,13.3,1920x1080,1.8,8,256GB SSD,Intel,Windows 10,1.21,1649.0
1289,Asus,FX753VE-GC155T (i7-7700HQ/16GB/1TB,Gaming,17.3,1920x1080,2.8,16,256GB SSD +  1TB HDD,Nvidia,Windows 10,3.0,1504.0
790,Toshiba,Tecra A50-C-21G,Notebook,15.6,1920x1080,2.5,16,512GB SSD,Nvidia,Windows 10,2.4,1403.0
13,Acer,Aspire ES1-533,Notebook,15.6,1366x768,1.1,4,500GB HDD,Intel,Windows 10,2.4,380.0
840,Lenovo,Yoga 720-15IKB,2 in 1 Convertible,15.6,3840x2160,2.8,16,512GB SSD,Nvidia,Windows 10,2.0,1899.0
995,Dell,Inspiron 3567,Notebook,15.6,1366x768,2.5,8,2TB HDD,Intel,Windows 10,2.36,557.37
647,Chuwi,"Lapbook 15,6",Notebook,15.6,1920x1080,1.44,4,64GB Flash Storage,Intel,Windows 10,1.89,248.9
400,Dell,Inspiron 7773,2 in 1 Convertible,17.3,1920x1080,1.6,12,1TB HDD,Nvidia,Windows 10,2.77,999.0
98,Lenovo,IdeaPad 720S-13IKB,Notebook,13.3,1920x1080,2.5,8,256GB SSD,Intel,Windows 10,1.1,999.0
1292,MSI,GE72VR Apache,Gaming,17.3,1920x1080,2.8,16,256GB SSD +  1TB HDD,Nvidia,Windows 10,2.7,1598.0
202,HP,Zbook 17,Workstation,17.3,1920x1080,2.9,16,256GB SSD,Nvidia,Windows 7,3.0,4389.0
198,Razer,Blade Stealth,Ultrabook,12.5,3840x2160,2.5,8,256GB SSD,Intel,Windows 10,1.25,1029.0
1025,HP,Omen 15-ce006nv,Gaming,17.3,1920x1080,2.8,12,1TB HDD,Nvidia,Windows 10,2.62,1799.0
1232,Dell,Latitude 5480,Notebook,14.0,1920x1080,2.8,8,256GB SSD,Nvidia,Windows 10,1.64,1179.0
368,Apple,MacBook Air,Ultrabook,11.6,1366x768,1.6,4,256GB Flash Storage,Intel,Mac OS X,1.08,959.0
1107,Lenovo,Yoga 900-13ISK,2 in 1 Convertible,13.3,3200x1800,2.2,16,1TB SSD,Intel,Windows 10,1.3,1799.0
1153,Acer,Aspire 5,Notebook,17.3,1920x1080,2.7,4,256GB SSD,Nvidia,Windows 10,3.0,702.0
859,Chuwi,"LapBook 15.6""",Notebook,15.6,1920x1080,1.44,4,64GB Flash Storage,Intel,Windows 10,1.89,244.99
190,Dell,Latitude E5270,Ultrabook,12.5,1366x768,2.3,4,500GB HDD,Intel,Windows 7,1.5,1135.15
773,HP,15-bs025nv (i5-7200U/8GB/256GB/W10),Notebook,15.6,1366x768,2.5,8,256GB SSD,Intel,Windows 10,1.91,579.0
876,Asus,Zenbook UX330UA-AH5Q,Ultrabook,13.3,3200x1800,2.5,8,256GB SSD,Intel,Windows 10,1.2,1129.0
118,Dell,Inspiron 7567,Gaming,15.6,3840x2160,2.8,16,512GB SSD,Nvidia,Windows 10,2.62,1679.0
246,Dell,Inspiron 3567,Notebook,15.6,1920x1080,2.5,8,1TB HDD,AMD,Windows 10,2.24,565.0
1069,HP,EliteBook 850,Notebook,15.6,1366x768,2.3,4,500GB HDD,Intel,Windows 7,1.88,932.0
1219,Dell,Alienware 17,Gaming,17.3,3840x2160,2.8,32,512GB SSD +  1TB HDD,Nvidia,Windows 10,4.42,3147.37
1030,HP,ProBook x360,2 in 1 Convertible,11.6,1366x768,1.1,4,256GB SSD,Intel,Windows 10,1.45,775.0
589,Dell,XPS 13,2 in 1 Convertible,13.3,3200x1800,1.3,8,512GB SSD,Intel,Windows 10,1.24,2013.1
1106,Lenovo,IdeaPad 320-15ABR,Notebook,15.6,1920x1080,3.6,6,256GB SSD,AMD,Windows 10,2.2,549.0
1283,Lenovo,Yoga 720-15IKB,2 in 1 Convertible,15.6,1920x1080,2.8,8,256GB SSD,Intel,Windows 10,2.0,1299.0
1269,Razer,Blade Stealth,Ultrabook,12.5,3840x2160,2.5,16,512GB SSD,Intel,Windows 10,1.29,1799.0
1223,Lenovo,Yoga 920-13IKB,2 in 1 Convertible,13.9,3840x2160,1.8,16,512GB SSD,Intel,Windows 10,1.4,1849.0
161,HP,17-ak001nv (A6-9220/4GB/500GB/Radeon,Notebook,17.3,1920x1080,2.5,4,500GB HDD,AMD,Windows 10,2.71,439.0
124,Asus,UX410UA-GV097T (i3-7100U/4GB/256GB/FHD/W10),Notebook,14.0,1920x1080,2.4,4,256GB SSD,Intel,Windows 10,2.0,769.0
1198,HP,Pavilion 15-BC000nv,Notebook,15.6,1920x1080,2.6,6,1TB HDD,Nvidia,Windows 10,2.18,799.0
204,HP,ProBook 430,Notebook,13.3,1920x1080,1.8,8,512GB SSD,Intel,Windows 10,1.49,1103.0
18,Dell,XPS 13,Ultrabook,13.3,3200x1800,2.4,8,256GB SSD,Intel,Windows 10,1.23,1379.0
84,Acer,Aspire 5,Notebook,15.6,1920x1080,1.8,8,1TB HDD,Nvidia,Windows 10,2.2,689.0
874,Dell,Precision 5520,Workstation,15.6,1920x1080,2.7,8,256GB SSD,Nvidia,Windows 10,2.0,2135.0
222,Dell,Vostro 5370,Ultrabook,13.3,1920x1080,1.6,8,256GB SSD,Intel,Windows 10,1.41,949.0
1158,Lenovo,IdeaPad 320-17IKB,Notebook,17.3,1600x900,2.7,6,128GB SSD +  1TB HDD,Nvidia,Windows 10,2.8,949.0
1145,HP,ZBook 17,Workstation,17.3,1920x1080,2.6,8,1TB HDD,AMD,Windows 7,3.0,2899.0
1272,Dell,Inspiron 3567,Notebook,15.6,1366x768,2.4,6,1TB HDD,Intel,Windows 10,2.3,439.0
1207,Asus,VivoBook E403NA,Notebook,14.0,1366x768,1.1,4,32GB Flash Storage,Intel,Windows 10,1.5,286.0
430,Mediacom,Smartbook 142,Notebook,14.0,1920x1200,1.92,4,32GB HDD,Intel,Windows 10,1.4,265.0
1291,Apple,"MacBook 12""",Ultrabook,12.0,2304x1440,1.2,8,512GB Flash Storage,Intel,Mac OS X,0.92,1279.0
491,Lenovo,Thinkpad T460s,Ultrabook,14.0,1920x1080,2.6,12,256GB SSD,Intel,Windows 10,1.4,1673.0
623,HP,15-ba043na (A12-9700P/8GB/2TB/W10),Notebook,15.6,1366x768,2.5,8,2TB HDD,AMD,Windows 10,2.04,629.0
147,Dell,Inspiron 5570,Notebook,15.6,1920x1080,1.6,4,256GB SSD,AMD,Windows 10,2.2,749.0
33,Lenovo,Thinkpad 13,Notebook,13.3,1920x1080,2.4,4,180GB SSD,Intel,Windows 10,1.44,735.0
943,Toshiba,Portege Z30-C-1CV,Notebook,13.3,1920x1080,2.3,4,128GB SSD,Intel,Windows 7,1.2,1195.0
1253,Lenovo,ThinkPad Yoga,2 in 1 Convertible,13.3,1920x1080,2.7,8,512GB SSD,Intel,Windows 10,1.37,1970.0
1097,Dell,Latitude 7480,Ultrabook,14.0,1920x1080,2.5,8,256GB SSD,Intel,Windows 10,1.36,1639.0
866,Dell,Inspiron 5379,2 in 1 Convertible,13.3,1920x1080,1.8,16,512GB SSD,Intel,Windows 10,1.62,1279.0
558,HP,ProBook 450,Notebook,15.6,1920x1080,1.8,16,512GB SSD,Intel,Windows 10,2.1,1159.0
1085,Lenovo,Yoga Book,2 in 1 Convertible,10.1,1920x1200,1.44,4,64GB Flash Storage,Intel,Android,0.69,319.0
1041,HP,Stream 14-AX000nv,Notebook,14.0,1366x768,1.6,2,32GB Flash Storage,Intel,Windows 10,1.44,249.0
1277,Asus,FX553VD-DM627T (i5-7300HQ/8GB/1TB,Notebook,15.6,1920x1080,2.5,8,128GB SSD +  1TB HDD,Nvidia,Windows 10,2.5,839.0
1082,Lenovo,IdeaPad Y910-17ISK,Gaming,17.3,1920x1080,2.7,32,256GB SSD +  1TB HDD,Nvidia,Windows 10,4.6,2663.0
73,Razer,Blade Pro,Gaming,17.3,3840x2160,2.9,32,512GB SSD,Nvidia,Windows 10,3.49,5499.0
199,Asus,Rog G752VL-GC088D,Gaming,17.3,1920x1080,2.6,16,1TB HDD,Nvidia,No OS,4.0,998.0
1159,MSI,GS70 Stealth,Gaming,17.3,1920x1080,2.6,8,256GB SSD,Nvidia,Windows 10,2.6,1599.0
1208,HP,250 G6,Notebook,15.6,1366x768,1.6,4,1TB HDD,Intel,No OS,1.86,288.9
579,Acer,Aspire A515-51G,Notebook,15.6,1920x1080,2.7,4,500GB HDD,Nvidia,Windows 10,2.2,639.0
302,HP,Envy 13-AB002nv,Ultrabook,13.3,1920x1080,2.7,8,512GB SSD,Intel,Windows 10,1.34,1323.0
818,HP,Probook 470,Notebook,17.3,1920x1080,2.5,8,256GB SSD,Nvidia,Windows 10,2.63,1080.0
1006,Acer,Aspire ES1-531,Notebook,15.6,1366x768,1.6,4,500GB HDD,Intel,Linux,2.4,289.0
448,Dell,Inspiron 7567,Gaming,15.6,1920x1080,2.8,8,1TB HDD,Nvidia,Windows 10,2.62,1099.0
919,MSI,GP62M 7REX,Gaming,15.6,1920x1080,2.8,16,256GB SSD +  1TB HDD,Nvidia,Windows 10,2.2,1299.0
35,Dell,Inspiron 3567,Notebook,15.6,1920x1080,2.5,4,256GB SSD,AMD,Windows 10,2.3,639.0
1045,Dell,Vostro 3568,Notebook,15.6,1920x1080,2.5,8,256GB SSD,Intel,Windows 10,2.18,750.0
596,Dell,Vostro 3568,Notebook,15.6,1366x768,2.0,4,1TB HDD,AMD,Linux,2.18,455.7
1218,Lenovo,ThinkPad X1,2 in 1 Convertible,14.0,2560x1440,2.3,8,256GB SSD,Intel,Windows 10,1.36,1637.0
214,Dell,Latitude 5580,Notebook,15.6,1366x768,2.6,4,500GB HDD,Intel,Windows 10,1.93,959.0
469,HP,Probook 470,Notebook,17.3,1920x1080,1.8,8,256GB SSD,Nvidia,Windows 10,2.5,1045.0
933,Dell,Vostro 5568,Notebook,15.6,1920x1080,2.5,4,128GB SSD +  1TB HDD,Nvidia,Windows 10,2.18,912.5
1249,Mediacom,SmartBook 141,Notebook,14.0,1920x1080,1.44,4,32GB SSD,Intel,Windows 10,1.4,249.0
803,Dell,Inspiron 3567,Notebook,15.6,1920x1080,2.7,8,256GB SSD,AMD,Windows 10,2.2,745.0
372,Acer,Aspire ES1-531,Notebook,15.6,1366x768,1.6,4,500GB HDD,Intel,Linux,2.4,289.0
1287,Asus,Zenbook UX510UW-FI095T,Notebook,15.6,3840x2160,2.7,8,256GB SSD +  1TB HDD,Nvidia,Windows 10,2.0,1299.0
506,Toshiba,Portege Z30-C-16L,Ultrabook,13.3,1920x1080,2.5,8,256GB SSD,Intel,Windows 10,1.2,1363.0
775,Asus,Rog GL753VD-GC082T,Gaming,17.3,1920x1080,2.5,12,128GB SSD +  1TB HDD,Nvidia,Windows 10,2.2,1369.9
281,HP,Elitebook 840,Notebook,14.0,1920x1080,2.5,4,256GB SSD,Intel,Windows 10,1.48,1590.0
234,Dell,Inspiron 7567,Gaming,15.6,1920x1080,2.8,16,256GB SSD +  1TB HDD,Nvidia,Windows 10,2.62,1479.0
782,Dell,Inspiron 3552,Notebook,15.6,1366x768,1.6,4,500GB HDD,Intel,Windows 10,2.2,443.99
307,Acer,TMX349-G2-M-50FS (i5-7200U/8GB/256GB/FHD/W10),Notebook,14.0,1920x1080,2.5,8,256GB SSD,Intel,Windows 10,1.56,902.0
106,Toshiba,Tecra Z50-D-10E,Notebook,15.6,1920x1080,2.5,8,256GB SSD,Intel,Windows 10,2.0,1258.0
504,HP,250 G6,Notebook,15.6,1920x1080,2.0,8,256GB SSD,Intel,Windows 10,1.86,539.0
1172,HP,ProBook 650,Notebook,14.0,1366x768,2.5,4,500GB HDD,Intel,Windows 10,2.31,1189.0
1276,Asus,X541NA (N3350/4GB/1TB/Linux),Notebook,15.6,1366x768,1.1,4,1TB HDD,Intel,Linux,2.0,274.99
228,Asus,X556UJ-XO044T (i7-6500U/4GB/500GB/GeForce,Notebook,15.6,1366x768,2.5,4,500GB HDD,Nvidia,Windows 10,2.2,720.32
424,HP,ProBook 450,Notebook,15.6,1920x1080,2.5,4,256GB SSD,Intel,Windows 10,2.04,839.0
740,HP,ProBook 450,Notebook,15.6,1366x768,2.5,4,256GB SSD,Intel,Windows 10,2.04,979.0
415,HP,ProBook 450,Notebook,15.6,1920x1080,2.4,4,128GB SSD,Intel,Windows 10,2.1,705.5
116,Asus,X751SV-TY001T (N3710/4GB/1TB/GeForce,Notebook,17.3,1600x900,1.6,4,1TB HDD,Nvidia,Windows 10,2.8,530.0
1009,Dell,Inspiron 5368,Notebook,13.3,1920x1080,2.3,8,1TB HDD,Intel,Windows 10,1.62,649.0
79,Dell,Inspiron 7559,Gaming,15.6,3840x2160,2.6,16,128GB SSD +  1TB HDD,Nvidia,Windows 10,2.72,1099.0
1234,HP,15-bw002nv (A6-9220/4GB/256GB/Radeon,Notebook,15.6,1920x1080,2.5,4,256GB SSD,AMD,Windows 10,1.91,478.89
272,Lenovo,ThinkPad X1,Ultrabook,14.0,1920x1080,2.5,8,256GB Flash Storage,Intel,Windows 10,1.13,1875.0
247,Asus,Rog GL552VW-CN470T,Gaming,15.6,1920x1080,2.6,16,128GB SSD +  1TB HDD,Nvidia,Windows 10,2.59,1339.0
1178,Dell,Alienware 17,Gaming,17.3,1920x1080,2.8,16,128GB SSD +  1TB HDD,Nvidia,Windows 10,4.42,3012.77
409,Dell,Inspiron 7378,2 in 1 Convertible,13.3,1920x1080,2.5,8,256GB SSD,Intel,Windows 10,1.6,1199.0
46,Lenovo,IdeaPad Y900-17ISK,Gaming,17.3,1920x1080,2.7,32,512GB SSD +  1.0TB Hybrid,Nvidia,Windows 10,4.6,3240.0
52,Lenovo,IdeaPad 320-15ABR,Notebook,15.6,1366x768,3.6,8,1TB HDD,AMD,Windows 10,2.2,429.0
855,Lenovo,ThinkPad 13,Notebook,13.3,1920x1080,2.5,8,256GB SSD,Intel,Windows 10,1.44,949.0
1273,Lenovo,Yoga 500-14IBD,2 in 1 Convertible,14.0,1920x1080,2.3,4,128GB SSD,Intel,Windows 10,1.8,833.01
1095,Asus,X505BP-BR019T (A9-9420/4GB/1TB/Radeon,Notebook,15.6,1366x768,3.0,4,1TB HDD,AMD,Windows 10,1.68,469.0
254,Dell,Latitude 5480,Notebook,14.0,1366x768,2.5,4,500GB HDD,Intel,Windows 10,1.6,875.0
431,Lenovo,V310-15ISK (i3-6006U/4GB/128GB/FHD/No,Notebook,15.6,1920x1080,2.0,4,128GB SSD,Intel,No OS,1.85,403.5
19,Acer,Swift 3,Ultrabook,14.0,1920x1080,2.5,8,256GB SSD,Intel,Windows 10,1.8,919.0
213,Lenovo,Yoga 910-13IKB,2 in 1 Convertible,14.0,1920x1080,2.7,16,512GB SSD,Intel,Windows 10,1.38,1749.0
339,Lenovo,ThinkPad T470,Notebook,14.0,1920x1080,2.5,8,256GB SSD,Intel,Windows 10,1.65,1345.0
223,HP,14-am079na (N3710/8GB/2TB/W10),Notebook,14.0,1366x768,1.6,8,2TB HDD,Intel,Windows 10,1.94,389.0
456,Apple,"MacBook 12""",Ultrabook,12.0,2304x1440,1.1,8,256GB Flash Storage,Intel,Mac OS X,0.92,1300.0
986,Dell,Inspiron 5567,Notebook,15.6,1366x768,2.7,12,1TB HDD,Intel,Windows 10,2.3,713.07
253,Lenovo,V110-15ISK (i5-6200U/4GB/500GB/No,Notebook,15.6,1366x768,2.3,4,500GB HDD,Intel,No OS,2.1,398.0
4,HP,Pavilion 15-AW003nv,Notebook,15.6,1920x1080,2.9,6,1.0TB Hybrid,AMD,Windows 10,2.04,549.99
1134,Lenovo,IdeaPad 320-15AST,Notebook,15.6,1920x1080,2.9,4,256GB SSD,AMD,Windows 10,2.2,399.0
1137,Lenovo,Ideapad 320-15IKBR,Notebook,15.6,1366x768,1.8,12,1TB HDD,Intel,Windows 10,2.2,609.0
137,Xiaomi,Mi Notebook,Ultrabook,13.3,1920x1080,2.5,8,256GB SSD,Nvidia,No OS,1.3,999.9
1187,HP,Probook 650,Notebook,15.6,1920x1080,2.3,4,500GB HDD,Intel,Windows 7,2.31,940.0
12,Dell,Latitude E5470,Notebook,14.0,1366x768,2.3,8,128GB SSD,Intel,Windows 10,1.79,740.0
478,Lenovo,IdeaPad 320-15AST,Notebook,15.6,1366x768,2.9,4,500GB HDD,AMD,No OS,2.2,309.0
207,Lenovo,IdeaPad 320-15AST,Notebook,15.6,1366x768,2.2,4,500GB HDD,AMD,Windows 10,2.2,299.0
793,Lenovo,ThinkPad L470,Notebook,14.0,1366x768,2.5,4,500GB HDD,Intel,Windows 10,2.02,990.0
1133,Dell,Inspiron 7577,Gaming,15.6,3840x2160,2.8,16,512GB SSD +  1TB HDD,Nvidia,Windows 10,2.65,1845.0
266,Xiaomi,Mi Notebook,Notebook,15.6,1920x1080,1.6,8,256GB SSD,Nvidia,No OS,1.95,1199.0
1052,Lenovo,Thinkpad P51s,Workstation,15.6,3840x2160,2.8,16,1TB SSD,Nvidia,Windows 10,2.5,3299.0
241,HP,15-AC110nv (i7-6500U/6GB/1TB/Radeon,Notebook,15.6,1366x768,2.5,6,1TB HDD,AMD,Windows 10,2.19,764.0
89,Acer,Chromebook C738T-C2EJ,2 in 1 Convertible,11.6,1366x768,1.6,4,32GB Flash Storage,Intel,Chrome OS,1.25,389.0
716,Toshiba,Portege Z30-C-16H,Notebook,13.3,1920x1080,2.3,4,128GB SSD,Intel,Windows 10,1.2,1195.0
517,Acer,Aspire ES1-523,Notebook,15.6,1366x768,2.2,8,1TB HDD,AMD,Windows 10,2.4,449.0
891,Dell,Latitude 7480,Ultrabook,14.0,1920x1080,2.8,8,256GB SSD,Intel,Windows 10,1.36,1775.0
1179,Dell,Inspiron 3567,Notebook,15.6,1366x768,2.7,8,1TB HDD,AMD,Linux,2.3,805.99
